-- phpMyAdmin SQL Dump
-- version 4.0.10.18
-- https://www.phpmyadmin.net
--
-- Host: localhost:3306
-- Generation Time: Mar 31, 2018 at 10:37 AM
-- Server version: 5.6.39-cll-lve
-- PHP Version: 5.6.30

SET SQL_MODE = "NO_AUTO_VALUE_ON_ZERO";
SET time_zone = "+00:00";


/*!40101 SET @OLD_CHARACTER_SET_CLIENT=@@CHARACTER_SET_CLIENT */;
/*!40101 SET @OLD_CHARACTER_SET_RESULTS=@@CHARACTER_SET_RESULTS */;
/*!40101 SET @OLD_COLLATION_CONNECTION=@@COLLATION_CONNECTION */;
/*!40101 SET NAMES utf8 */;

--
-- Database: `mobilehelthunit`
--

-- --------------------------------------------------------

--
-- Table structure for table `medicalconditionmaster`
--

DROP TABLE IF EXISTS `medicalconditionmaster`;
CREATE TABLE IF NOT EXISTS `medicalconditionmaster` (
  `id` int(11) NOT NULL AUTO_INCREMENT,
  `chiefcomplaints1` text,
  `chiefcomplaints2` text,
  `chiefcomplaints3` text,
  `briefHistory1` text,
  `briefHistory2` text,
  `briefHistory3` text,
  `investigation` enum('Y','N','DN','') NOT NULL,
  `tratementtaken` enum('Y','N','DN','') NOT NULL,
  `anyimprovement` enum('Y','N','DN','') NOT NULL,
  `diagnosys` text,
  `patient_id` bigint(20) NOT NULL,
  `registrationid` text NOT NULL,
  PRIMARY KEY (`id`)
) ENGINE=InnoDB  DEFAULT CHARSET=latin1 AUTO_INCREMENT=115 ;

--
-- Dumping data for table `medicalconditionmaster`
--

INSERT INTO `medicalconditionmaster` (`id`, `chiefcomplaints1`, `chiefcomplaints2`, `chiefcomplaints3`, `briefHistory1`, `briefHistory2`, `briefHistory3`, `investigation`, `tratementtaken`, `anyimprovement`, `diagnosys`, `patient_id`, `registrationid`) VALUES
(17, 'hsgs', '', 'gsvs', 'hshs', 'hshs', '', 'Y', 'N', 'Y', '', 26, 'rpm-5a75b4e11a8b8'),
(18, 'Fgh', 'Fgjj', 'Fhh', 'Fgh', 'Cvh', 'Cgh', 'DN', 'DN', 'DN', '', 27, 'rpm-5a75b59cb30fb'),
(19, 'bshxbxwbbx', 'bdbxhdh', 'bsjzusu', 'vs xbx', 'vsbh', 'gzbdb', 'Y', 'Y', 'Y', 'Speech Defects', 28, 'rpm-5a75bb0e56a01'),
(20, '', '', '', '', '', '', '', '', '', '', 30, 'rpm-5a784f4a796fc'),
(21, '', '', '', '', '', '', '', '', '', '', 32, 'rpm-5a784f9e65eda'),
(22, '', '', '', '', '', '', 'Y', '', '', '', 34, 'rpm-5a827f24a4a2c'),
(23, '', '', '', '', '', '', '', '', '', '', 35, 'rpm-5a82802c7b5fd'),
(24, '', '', '', '', '', '', '', '', '', '', 36, 'rpm-5a82812d74214'),
(25, '', '', '', '', '', '', 'Y', '', '', '', 39, 'rpm-5a82867bd18df'),
(26, '', '', '', '', '', '', 'Y', 'Y', '', '', 38, 'rpm-5a828678a640c'),
(27, '', '', '', '', '', '', '', '', '', '', 40, 'rpm-5a8287679a050'),
(28, '', '', '', '', '', '', '', '', '', '', 42, 'rpm-5a8289f8e0ea7'),
(29, '', '', '', '', '', '', '', '', '', '', 44, 'rpm-5a82d58e01d27'),
(30, '', '', '', '', '', '', '', '', '', '', 45, 'rpm-5a83cf692b651'),
(31, '', '', '', '', '', '', '', '', '', '', 46, 'rpm-5a84952304183'),
(32, '', '', '', '', '', '', '', '', '', '', 49, 'rpm-5a8d37cbb7454'),
(33, 'hi fj', 'hj cjfjck', 'jcjcjf', 'mvkvk', 'kckvkh', 'mvmvk', 'Y', 'Y', 'Y', '', 52, 'rpm-5a90215e885c8'),
(34, '', '', '', '', '', '', '', '', '', '', 53, 'rpm-5a9022f63c676'),
(35, '', '', '', '', '', '', '', '', '', '', 54, 'rpm-5a90236fe62e5'),
(36, '', '', '', '', '', '', '', '', '', '', 57, 'rpm-5a982dae874f3'),
(37, '', '', '', '', '', '', '', '', '', '', 58, 'rpm-5a982ee2f26fc'),
(38, '', '', '', '', '', '', '', '', '', '', 61, 'rpm-5a9bab677f9ca'),
(39, '', '', '', '', '', '', '', '', '', '', 102, 'rpm-5a9d51ea17658'),
(40, '', '', '', '', '', '', '', '', '', '', 104, 'rpm-5a9d544f19994'),
(41, '', '', '', '', '', '', '', '', '', '', 109, 'rpm-5a9e509d0290f'),
(42, '', '', '', '', '', '', '', '', '', '', 110, 'rpm-5a9e535d732aa'),
(43, '', '', '', '', '', '', '', '', '', '', 111, 'rpm-5a9e5459db340'),
(44, '', '', '', '', '', '', '', '', '', '', 112, 'rpm-5a9e5515d5c0d'),
(45, '', '', '', '', '', '', '', '', '', '', 113, 'rpm-5a9e55445c023'),
(46, '', '', '', '', '', '', '', '', '', '', 114, 'rpm-5a9e5583c7bf1'),
(47, '', '', '', '', '', '', '', '', '', '', 115, 'rpm-5a9e5a333fa03'),
(48, '', '', '', '', '', '', '', '', '', '', 116, 'rpm-5a9e5acea39e3'),
(49, '', '', '', '', '', '', '', '', '', '', 117, 'rpm-5a9e5b91d5b15'),
(50, '', '', '', '', '', '', '', '', '', '', 118, 'rpm-5a9e61e8b4315'),
(51, '', '', '', '', '', '', '', '', '', '', 119, 'rpm-5a9e62b66bc0d'),
(52, '', '', '', '', '', '', '', '', '', '', 121, 'rpm-5a9e6475e9691'),
(53, '', '', '', '', '', '', '', '', '', '', 122, 'rpm-5a9e648f436d1'),
(54, '', '', '', '', '', '', '', '', '', '', 124, 'rpm-5a9e6791ecbd4'),
(55, '', '', '', '', '', '', '', '', '', '', 126, 'rpm-5a9f88198352a'),
(56, '', '', '', '', '', '', '', '', '', '', 128, 'rpm-5a9f89a058e9b'),
(57, '', '', '', '', '', '', '', '', '', '', 129, 'rpm-5a9f8a5a8688f'),
(58, '', '', '', '', '', '', '', '', '', '', 130, 'rpm-5a9f8be20d309'),
(59, '', '', '', '', '', '', '', '', '', '', 131, 'rpm-5a9f8c3520e7a'),
(60, '', '', '', '', '', '', '', '', '', '', 132, 'rpm-5a9f8e3eb3365'),
(61, '', '', '', '', '', '', '', '', '', '', 133, 'rpm-5a9f919153561'),
(62, '', '', '', '', '', '', '', '', '', '', 134, 'rpm-5a9f92502e933'),
(63, '', '', '', '', '', '', '', '', '', '', 135, 'rpm-5a9f9f5edce93'),
(64, '', '', '', '', '', '', '', '', '', '', 136, 'rpm-5a9f9fc2d138e'),
(65, '', '', '', '', '', '', '', '', '', '', 137, 'rpm-5a9fc50b25fb6'),
(66, 'abc', 'asd', 'ga ga b', 'add vsbs', 'sbsbf', 'bsbsnd', '', '', '', '', 138, 'rpm-5a9fc5897dd0a'),
(67, 'df', 'St dd', 'dd hd g', '', '', 'hd hd', '', '', '', '', 139, 'rpm-5a9fc66540846'),
(68, '', '', '', '', '', '', '', '', '', '', 141, 'rpm-5a9fcbf945bb1'),
(69, 'Djkv', 'Dhhghj', 'Cjknv', 'Fyuhh', 'Fhuh', 'Dyuh', 'N', 'N', 'DN', 'Substance Use Disorders', 142, 'rpm-5aa7dc15eb8da'),
(70, 'Djdn', 'Djdj', 'Dndn\n', 'Djdj', 'Dhdj', 'Fjdj\n', 'Y', 'Y', 'Y', 'Childhood Obesity', 143, 'rpm-5aa7ed0915955'),
(71, '', '', '', '', '', '', '', '', '', '', 146, 'rpm-5aa8e096ad9e1'),
(72, '', '', '', '', '', '', '', '', '', '', 149, 'rpm-5aa8e81d885c5'),
(73, '', '', '', '', '', '', '', '', '', '', 150, 'rpm-5aa8e884b37d4'),
(74, '', '', '', '', '', '', '', '', '', '', 152, 'rpm-5aa8e9121c37f'),
(75, '', '', '', '', '', '', '', '', '', '', 154, 'rpm-5aa8e9a921731'),
(76, '', '', '', '', '', '', '', '', '', '', 157, 'rpm-5aa973bc995e8'),
(77, '', '', '', '', '', '', '', '', '', '', 158, 'rpm-5aa973d8cc971'),
(78, '', '', '', '', '', '', '', '', '', '', 159, 'rpm-5aa9744d2fee2'),
(79, '', '', '', '', '', '', '', '', '', '', 160, 'rpm-5aaa67ae818e7'),
(80, '', '', '', '', '', '', 'N', 'Y', '', '', 163, 'rpm-5aabdf093f77d'),
(81, '', '', '', '', '', '', '', '', '', '', 171, 'rpm-5aba5092ab70a'),
(82, '', '', '', '', '', '', '', '', '', '', 172, 'rpm-5abb2a1ae1ab0'),
(83, '', '', '', '', '', '', '', '', '', '', 173, 'rpm-5abb2b8158d1b'),
(84, '', '', '', '', '', '', '', '', '', '', 178, 'rpm-5abb3b35d4e16'),
(85, '', '', '', '', '', '', '', '', '', '', 179, 'rpm-5abb3fd728f19'),
(86, '', '', '', '', '', '', '', '', '', '', 180, 'rpm-5abb4595a6392'),
(87, '', '', '', '', '', '', '', '', '', '', 181, 'rpm-5abb466851ba9'),
(88, '', '', '', '', '', '', '', '', '', '', 182, 'rpm-5abb7ede0c28f'),
(89, '', '', '', '', '', '', '', '', '', '', 183, 'rpm-5abb7f9d7977f'),
(90, '', '', '', '', '', '', '', '', '', '', 184, 'rpm-5abb9fff7e393'),
(91, '', '', '', '', '', '', '', '', '', '', 185, 'rpm-5abba6db5b579'),
(92, '', '', '', '', '', '', '', '', '', '', 186, 'rpm-5abbaa738e960'),
(93, '', '', '', '', '', '', '', '', '', '', 187, 'rpm-5abc9e3e49f99'),
(94, '', '', '', '', '', '', '', '', '', '', 188, 'rpm-5abc9f591db80'),
(95, '', '', '', '', '', '', '', '', '', '', 189, 'rpm-5abca6a89c334'),
(96, '', '', '', '', '', '', '', '', '', '', 190, 'rpm-5abca885a92f3'),
(97, '', '', '', '', '', '', '', '', '', '', 191, 'rpm-5abca97279890'),
(98, '', '', '', '', '', '', '', '', '', '', 192, 'rpm-5abca9efa2fa1'),
(99, '', '', '', '', '', '', '', '', '', '', 193, 'rpm-5abcab0155015'),
(100, '', '', '', '', '', '', '', '', '', '', 194, 'rpm-5abcb518b159c'),
(101, '', '', '', '', '', '', '', '', '', '', 195, 'rpm-5abcc2b2b35fe'),
(102, '', '', '', '', '', '', '', '', '', '', 196, 'rpm-5abce9d1052e4'),
(103, '', '', '', '', '', '', '', '', '', '', 197, 'rpm-5abceb849f27d'),
(104, '', '', '', '', '', '', '', '', '', '', 198, 'rpm-5abd026d0f1ef'),
(105, '', '', '', '', '', '', '', '', '', '', 199, 'rpm-5abd036fbd9e2'),
(106, '', '', '', '', '', '', '', '', '', '', 200, 'rpm-5abd03cf15849'),
(107, '', '', '', '', '', '', '', '', '', '', 202, 'rpm-5abd04f59a92f'),
(108, '', '', '', '', '', '', '', '', '', '', 203, 'rpm-5abdbcfe09010'),
(109, '', '', '', '', '', '', '', '', '', '', 204, 'rpm-5abe1aa63278e'),
(110, '', '', '', '', '', '', '', '', '', '', 205, 'rpm-5abe284a34b00'),
(111, '', '', '', '', '', '', '', '', '', '', 207, 'rpm-5abe34078f0e2'),
(112, '', '', '', '', '', '', '', '', '', '', 209, 'rpm-5abe34409a056'),
(113, '', '', '', '', '', '', '', '', '', '', 211, 'rpm-5abf138ac4801'),
(114, '', '', '', '', '', '', '', '', '', '', 216, 'rpm-5abf23bfd2b0f');

-- --------------------------------------------------------

--
-- Table structure for table `mhutestmaster`
--

DROP TABLE IF EXISTS `mhutestmaster`;
CREATE TABLE IF NOT EXISTS `mhutestmaster` (
  `id` bigint(20) NOT NULL AUTO_INCREMENT,
  `bloodglucose` int(11) DEFAULT NULL,
  `heamogram` double DEFAULT NULL,
  `creatine` text,
  `urea` text,
  `sgot` text,
  `sgpt` text,
  `adviced` text,
  `ferered` text,
  `remark` text,
  PRIMARY KEY (`id`)
) ENGINE=InnoDB  DEFAULT CHARSET=latin1 AUTO_INCREMENT=36 ;

--
-- Dumping data for table `mhutestmaster`
--

INSERT INTO `mhutestmaster` (`id`, `bloodglucose`, `heamogram`, `creatine`, `urea`, `sgot`, `sgpt`, `adviced`, `ferered`, `remark`) VALUES
(14, 45, 845, 'vsg', 'gsg', 'bsbs', 'vzv', 'Blood Pressure', 'shhs', 'hshs'),
(15, 5568, 785, 'Gj', 'Hn', 'Fhh', 'Fgh', 'Blood sugar Test', 'Vhhh', 'Fghh'),
(16, 5484, 5484, 'gsgsg\n', 'gvsbsbd', 'bsbdbd', 'bebdb', 'Blood sugar Test', '?????', '??????'),
(17, 0, 0, '', '', '', '', 'Select Test', '', ''),
(18, 0, 0, '', '', '', '', 'Select Test', '', ''),
(19, 0, 0, '', '', '', '', 'MRI', '', ''),
(20, 0, 0, '', '', '', '', 'Blood sugar Test', '', ''),
(21, 0, 0, '', '', '', '', 'Select Test', '', ''),
(22, 0, 0, '', '', '', '', 'Select Test', '', ''),
(23, 0, 0, '', '', '', '', 'Select Test', '', ''),
(24, 0, 0, '', '', '', '', 'Select Test', '', ''),
(25, 0, 0, '', '', '', '', 'Select Test', '', ''),
(26, 0, 0, '', '', '', '', 'Select Test', '', ''),
(27, 0, 0, '', '', '', '', 'Select Test', '', ''),
(28, 0, 0, '', '', '', '', 'Select Test', '', ''),
(29, 0, 0, '', '', '', '', 'Select Test', '', ''),
(30, 12, 88, '888', '888', '77', '7767', '7878', '878', '887'),
(31, 120, 21, 'Jkn', 'Nmm', 'Djh', 'Cvh', 'Blood sugar Test', 'Dhhc', 'Dhbc'),
(32, 8888, 898, 'Hhhj', 'Hh', 'Ghh', 'Dhdj', 'Blood sugar Test', 'Vbbb', 'Bbbb'),
(33, 0, 0, '', '', '', '', 'Select Test', '', ''),
(34, 0, 0, '', '', '', '', 'Select Test', '', ''),
(35, 0, 0, '', '', '', '', 'Select Test', '', '');

-- --------------------------------------------------------

--
-- Table structure for table `patient_history`
--

DROP TABLE IF EXISTS `patient_history`;
CREATE TABLE IF NOT EXISTS `patient_history` (
  `id` int(11) NOT NULL AUTO_INCREMENT,
  `patient_id` bigint(20) NOT NULL,
  `registrationno` text NOT NULL,
  `drname1` text,
  `drname2` text,
  `drname3` text,
  `hospitalname` text,
  PRIMARY KEY (`id`)
) ENGINE=InnoDB  DEFAULT CHARSET=latin1 AUTO_INCREMENT=93 ;

--
-- Dumping data for table `patient_history`
--

INSERT INTO `patient_history` (`id`, `patient_id`, `registrationno`, `drname1`, `drname2`, `drname3`, `hospitalname`) VALUES
(16, 26, 'rpm-5a75b4e11a8b8', 'gsgs', 'hshs', 'hshs', 'bsg'),
(17, 27, 'rpm-5a75b59cb30fb', 'Xghh', 'Xvb', 'Dgb', 'Chji'),
(18, 28, 'rpm-5a75bb0e56a01', 'ghdy', 'vsb', 'behind\n', 'hsbshgdhs'),
(19, 30, 'rpm-5a784f4a796fc', '', '', '', ''),
(20, 32, 'rpm-5a784f9e65eda', '', '', '', ''),
(21, 34, 'rpm-5a827f24a4a2c', '', '', '', ''),
(22, 35, 'rpm-5a82802c7b5fd', '', '', '', ''),
(23, 36, 'rpm-5a82812d74214', '', '', '', ''),
(24, 39, 'rpm-5a82867bd18df', '', '', '', ''),
(25, 38, 'rpm-5a828678a640c', '', '', '', ''),
(26, 40, 'rpm-5a8287679a050', '', '', '', ''),
(27, 42, 'rpm-5a8289f8e0ea7', '', '', '', ''),
(28, 44, 'rpm-5a82d58e01d27', '', '', '', ''),
(29, 45, 'rpm-5a83cf692b651', '', '', '', ''),
(30, 46, 'rpm-5a84952304183', '', '', '', ''),
(31, 49, 'rpm-5a8d37cbb7454', '', '', '', ''),
(32, 52, 'rpm-5a90215e885c8', '', '', '', ''),
(33, 53, 'rpm-5a9022f63c676', '', '', '', ''),
(34, 54, 'rpm-5a90236fe62e5', '', '', '', ''),
(35, 57, 'rpm-5a982dae874f3', '', '', '', ''),
(36, 58, 'rpm-5a982ee2f26fc', '', '', '', ''),
(37, 61, 'rpm-5a9bab677f9ca', '', '', '', ''),
(38, 111, 'rpm-5a9e5459db340', '', '', '', ''),
(39, 112, 'rpm-5a9e5515d5c0d', '', '', '', ''),
(40, 113, 'rpm-5a9e55445c023', 'xyz', '', '', 'abc'),
(41, 114, 'rpm-5a9e5583c7bf1', 'xyzffgg', '', '', 'abc'),
(42, 115, 'rpm-5a9e5a333fa03', '', '', '', ''),
(43, 137, 'rpm-5a9fc50b25fb6', 'gf f', 'sbfd', 'XC box gf', 'hshs'),
(44, 138, 'rpm-5a9fc5897dd0a', 'a', 'b', 'c', 'xyz'),
(45, 139, 'rpm-5a9fc66540846', 'b', 'c', 'd', 'a'),
(46, 141, 'rpm-5a9fcbf945bb1', '', '', '', ''),
(47, 142, 'rpm-5aa7dc15eb8da', 'Dhh', 'Dhjf', 'Dhh', 'Xjj'),
(48, 143, 'rpm-5aa7ed0915955', 'Dnfn', 'Xnfn', 'Dndn\n\n', 'Xndn'),
(49, 146, 'rpm-5aa8e096ad9e1', '', '', '', ''),
(50, 149, 'rpm-5aa8e81d885c5', '', '', '', ''),
(51, 150, 'rpm-5aa8e884b37d4', '', '', '', ''),
(52, 152, 'rpm-5aa8e9121c37f', '', '', '', ''),
(53, 154, 'rpm-5aa8e9a921731', '', '', '', ''),
(54, 157, 'rpm-5aa973bc995e8', '', '', '', ''),
(55, 158, 'rpm-5aa973d8cc971', '', '', '', ''),
(56, 159, 'rpm-5aa9744d2fee2', '', '', '', ''),
(57, 160, 'rpm-5aaa67ae818e7', '', '', '', ''),
(58, 163, 'rpm-5aabdf093f77d', '', '', '', ''),
(59, 171, 'rpm-5aba5092ab70a', '', '', '', ''),
(60, 172, 'rpm-5abb2a1ae1ab0', '', '', '', ''),
(61, 173, 'rpm-5abb2b8158d1b', '', '', '', ''),
(62, 178, 'rpm-5abb3b35d4e16', '', '', '', ''),
(63, 179, 'rpm-5abb3fd728f19', '', '', '', ''),
(64, 180, 'rpm-5abb4595a6392', '', '', '', ''),
(65, 181, 'rpm-5abb466851ba9', '', '', '', ''),
(66, 182, 'rpm-5abb7ede0c28f', '', '', '', ''),
(67, 183, 'rpm-5abb7f9d7977f', '', '', '', ''),
(68, 184, 'rpm-5abb9fff7e393', '', '', '', ''),
(69, 185, 'rpm-5abba6db5b579', '', '', '', ''),
(70, 186, 'rpm-5abbaa738e960', '', '', '', ''),
(71, 187, 'rpm-5abc9e3e49f99', '', '', '', ''),
(72, 188, 'rpm-5abc9f591db80', '', '', '', ''),
(73, 189, 'rpm-5abca6a89c334', '', '', '', ''),
(74, 190, 'rpm-5abca885a92f3', '', '', '', ''),
(75, 191, 'rpm-5abca97279890', '', '', '', ''),
(76, 192, 'rpm-5abca9efa2fa1', '', '', '', ''),
(77, 193, 'rpm-5abcab0155015', '', '', '', ''),
(78, 194, 'rpm-5abcb518b159c', '', '', '', ''),
(79, 195, 'rpm-5abcc2b2b35fe', '', '', '', ''),
(80, 196, 'rpm-5abce9d1052e4', '', '', '', ''),
(81, 197, 'rpm-5abceb849f27d', '', '', '', ''),
(82, 198, 'rpm-5abd026d0f1ef', '', '', '', ''),
(83, 199, 'rpm-5abd036fbd9e2', '', '', '', ''),
(84, 200, 'rpm-5abd03cf15849', '', '', '', ''),
(85, 202, 'rpm-5abd04f59a92f', '', '', '', ''),
(86, 203, 'rpm-5abdbcfe09010', '', '', '', ''),
(87, 204, 'rpm-5abe1aa63278e', '', '', '', ''),
(88, 205, 'rpm-5abe284a34b00', '', '', '', ''),
(89, 207, 'rpm-5abe34078f0e2', '', '', '', ''),
(90, 209, 'rpm-5abe34409a056', '', '', '', ''),
(91, 211, 'rpm-5abf138ac4801', '', '', '', ''),
(92, 216, 'rpm-5abf23bfd2b0f', '', '', '', '');

-- --------------------------------------------------------

--
-- Table structure for table `patient_master`
--

DROP TABLE IF EXISTS `patient_master`;
CREATE TABLE IF NOT EXISTS `patient_master` (
  `id` bigint(20) NOT NULL AUTO_INCREMENT,
  `registration_no` text NOT NULL,
  `fname` text NOT NULL,
  `lanme` text NOT NULL,
  `dob` date NOT NULL,
  `gender` enum('F','M','','') NOT NULL,
  `mobile` bigint(20) NOT NULL,
  `regitrationdate` datetime NOT NULL DEFAULT CURRENT_TIMESTAMP,
  `address` text NOT NULL,
  PRIMARY KEY (`id`)
) ENGINE=InnoDB  DEFAULT CHARSET=latin1 AUTO_INCREMENT=218 ;

--
-- Dumping data for table `patient_master`
--

INSERT INTO `patient_master` (`id`, `registration_no`, `fname`, `lanme`, `dob`, `gender`, `mobile`, `regitrationdate`, `address`) VALUES
(26, 'rpm-5a75b4e11a8b8', 'vishal', 'landepatil', '2018-02-03', 'F', 9975294782, '2018-02-03 06:10:57', 'bbs'),
(27, 'rpm-5a75b59cb30fb', 'Poonam ', 'Fhjjkk', '2017-11-16', 'F', 9922436485, '2018-02-03 06:14:04', 'Dghb'),
(28, 'rpm-5a75bb0e56a01', 'arshad', 'm', '1992-01-02', 'M', 9503715535, '2018-02-03 06:37:18', 'silk mills colony'),
(29, 'rpm-5a784d7fd35cb', '', '', '0000-00-00', '', 0, '2018-02-05 05:26:39', ''),
(30, 'rpm-5a784f4a796fc', '', '', '0000-00-00', '', 0, '2018-02-05 05:34:18', ''),
(31, 'rpm-5a784f796faa1', '', '', '0000-00-00', '', 0, '2018-02-05 05:35:05', ''),
(32, 'rpm-5a784f9e65eda', '', '', '0000-00-00', '', 0, '2018-02-05 05:35:42', ''),
(33, 'rpm-5a78501a8855e', '', '', '0000-00-00', '', 0, '2018-02-05 05:37:46', ''),
(34, 'rpm-5a827f24a4a2c', 'Nilesh', 'Arya', '1970-07-12', 'M', 9818394477, '2018-02-12 23:01:08', 'djfjffj'),
(35, 'rpm-5a82802c7b5fd', '', '', '0000-00-00', '', 0, '2018-02-12 23:05:32', ''),
(36, 'rpm-5a82812d74214', '', '', '0000-00-00', '', 0, '2018-02-12 23:09:49', ''),
(37, 'rpm-5a8285b7bbee7', '', '', '0000-00-00', '', 0, '2018-02-12 23:29:11', ''),
(38, 'rpm-5a828678a640c', '', '', '0000-00-00', '', 0, '2018-02-12 23:32:24', ''),
(39, 'rpm-5a82867bd18df', '', '', '2018-02-13', '', 0, '2018-02-12 23:32:27', ''),
(40, 'rpm-5a8287679a050', '', '', '0000-00-00', '', 0, '2018-02-12 23:36:23', ''),
(41, 'rpm-5a8289ce8bdad', '', '', '0000-00-00', '', 0, '2018-02-12 23:46:38', ''),
(42, 'rpm-5a8289f8e0ea7', '', '', '0000-00-00', '', 0, '2018-02-12 23:47:20', ''),
(43, 'rpm-5a82d58b866c2', '', '', '0000-00-00', '', 0, '2018-02-13 05:09:47', ''),
(44, 'rpm-5a82d58e01d27', '', '', '0000-00-00', '', 0, '2018-02-13 05:09:50', ''),
(45, 'rpm-5a83cf692b651', '', '', '0000-00-00', '', 0, '2018-02-13 22:55:53', ''),
(46, 'rpm-5a84952304183', '', '', '0000-00-00', '', 0, '2018-02-14 12:59:31', ''),
(47, 'rpm-5a849772b221b', '', '', '0000-00-00', '', 0, '2018-02-14 13:09:22', ''),
(48, 'rpm-5a8d37c0530dc', '', '', '0000-00-00', '', 0, '2018-02-21 02:11:28', ''),
(49, 'rpm-5a8d37cbb7454', '', '', '0000-00-00', '', 0, '2018-02-21 02:11:39', ''),
(50, 'rpm-5a8d37e448119', '', '', '0000-00-00', '', 0, '2018-02-21 02:12:04', ''),
(51, 'rpm-5a901e3db2281', 'Prasad ', 'Gote', '2018-02-23', 'M', 9860402800, '2018-02-23 06:59:25', 'aurangabad'),
(52, 'rpm-5a90215e885c8', 'prasad', 'gote', '2018-02-23', 'M', 9860402800, '2018-02-23 07:12:46', 'Aurangabad'),
(53, 'rpm-5a9022f63c676', 'jf cjccjfj', 'jf jffjfjfgj', '2018-02-23', 'M', 8888888888, '2018-02-23 07:19:34', 'CBC ncjc'),
(54, 'rpm-5a90236fe62e5', 'hfjcjf', 'hcjckv', '2018-02-23', 'M', 8888888888, '2018-02-23 07:21:35', 'cjvnvm '),
(55, 'rpm-5a90323174dd8', 'ABC', 'xyz', '2018-02-23', 'M', 9865326565, '2018-02-23 08:24:33', 'Aurangabad'),
(56, 'rpm-5a95251f6e90f', 'ABC ', 'ABC', '2018-02-27', 'M', 9784542154, '2018-02-27 02:30:07', 'Aurangabad'),
(57, 'rpm-5a982dae874f3', 'Abc', 'Xhdvs', '2018-03-01', 'M', 8898796808, '2018-03-01 09:43:26', 'Sgxhxhxh hdbdbdd'),
(58, 'rpm-5a982ee2f26fc', '', '', '0000-00-00', '', 0, '2018-03-01 09:48:34', ''),
(59, 'rpm-5a998f5480595', '', '', '0000-00-00', '', 0, '2018-03-02 10:52:20', ''),
(60, 'rpm-5a9ba57eb6061', '', '', '0000-00-00', '', 0, '2018-03-04 00:51:26', ''),
(61, 'rpm-5a9bab677f9ca', '', '', '0000-00-00', '', 0, '2018-03-04 01:16:39', ''),
(62, 'rpm-5a9be02bcc0c9', 'Seema', 'sharma', '2018-03-04', 'F', 9754454545, '2018-03-04 05:01:47', 'ahhahs'),
(63, 'rpm-5a9d01b065c45', 'ABC', 'asd', '1995-03-05', 'M', 8421545454, '2018-03-05 01:37:04', 'Aurangabad'),
(64, 'rpm-5a9d056f9e23e', 'gshshs', 'd vs vszb', '2018-03-05', 'M', 7979798989, '2018-03-05 01:53:03', 'hzbsbs'),
(65, 'rpm-5a9d06ff36074', 'gag ashbs', 'gsgshs', '2018-03-05', 'M', 1661966666, '2018-03-05 01:59:43', 'hshs'),
(66, 'rpm-5a9d072ad8b61', 'gsgshsB', 'aggsvs', '2018-03-05', 'M', 4698898889, '2018-03-05 02:00:26', 'vVabsg'),
(67, 'rpm-5a9d07e6394ff', 'xxCs', 'fsga', '2018-03-05', 'M', 5769898855, '2018-03-05 02:03:34', 'hHzz'),
(68, 'rpm-5a9d08d0e322b', 'shsh', 'dgsga', '2018-03-05', 'M', 8989898998, '2018-03-05 02:07:28', 'vs vs vs v'),
(69, 'rpm-5a9d16bc09ee4', 'av vs', 'zvs', '2018-03-05', 'M', 8751554545, '2018-03-05 03:06:52', 'gahsbs'),
(70, 'rpm-5a9d172402797', 'vs vav', 'vs very Dsvs', '2018-03-05', 'M', 8797999599, '2018-03-05 03:08:36', 'v av sv vs'),
(71, 'rpm-5a9d1807a12ec', 'fag', 'Vsvzv', '2018-03-05', 'M', 9494949799, '2018-03-05 03:12:23', 'v z zbzn'),
(72, 'rpm-5a9d19f45e6b1', 'hehd', 'TS GD', '2018-03-05', 'M', 8855555555, '2018-03-05 03:20:36', 'vvfff'),
(73, 'rpm-5a9d1e0b72fa4', 'xcfg', 'xdd', '2018-03-05', 'M', 8547000000, '2018-03-05 03:38:03', 'zxfccc'),
(74, 'rpm-5a9d1eeb898a2', 'fhdbs', 'gagd', '2018-03-05', 'M', 8757840404, '2018-03-05 03:41:47', 'Vvzbz'),
(75, 'rpm-5a9d1eee1a51c', 'fhdbs', 'gagd', '2018-03-05', 'M', 8757840404, '2018-03-05 03:41:50', 'Vvzbz'),
(76, 'rpm-5a9d1ef480343', 'fhdbs', 'gagd', '2018-03-05', 'M', 8757840404, '2018-03-05 03:41:56', 'Vvzbz'),
(77, 'rpm-5a9d203d87b5c', 'hshsh', 'yahah', '2018-03-05', 'M', 6895656655, '2018-03-05 03:47:25', 'Vbzzb'),
(78, 'rpm-5a9d21fb8014b', 'vVa', 'gsga', '2018-03-05', 'M', 8484849894, '2018-03-05 03:54:51', 'hHga'),
(79, 'rpm-5a9d26427360a', 'cfvh', 'rfttf', '2018-03-05', 'M', 8500000000, '2018-03-05 04:13:06', 'b bf bsbsbd'),
(80, 'rpm-5a9d28593c45d', 'cm NC j', 'dj jf', '2018-03-05', 'M', 5656999999, '2018-03-05 04:22:01', 'fjdjjf'),
(81, 'rpm-5a9d28caa8049', 'vvbnnn', 'tghbb', '2018-03-05', 'M', 9999999999, '2018-03-05 04:23:54', 'vbbn'),
(82, 'rpm-5a9d2a07614b6', 'shbdd', 'ch dhdj', '2018-03-05', 'M', 5656568959, '2018-03-05 04:29:11', 'xv gf bxnx'),
(83, 'rpm-5a9d2c8c1072a', 'dhsjdj', 'dj dhdh', '2018-03-05', 'M', 5665655595, '2018-03-05 04:39:56', 'handcrafted x'),
(84, 'rpm-5a9d31b07bac0', '', '', '0000-00-00', '', 0, '2018-03-05 05:01:52', ''),
(85, 'rpm-5a9d31c143855', '', '', '0000-00-00', '', 0, '2018-03-05 05:02:09', ''),
(86, 'rpm-5a9d339589ac7', '', '', '0000-00-00', '', 0, '2018-03-05 05:09:57', ''),
(87, 'rpm-5a9d33eb0bbb0', '', '', '0000-00-00', '', 0, '2018-03-05 05:11:23', ''),
(88, 'rpm-5a9d344e4e879', '', '', '0000-00-00', '', 0, '2018-03-05 05:13:02', ''),
(89, 'rpm-5a9d34fdab333', '', '', '0000-00-00', '', 0, '2018-03-05 05:15:57', ''),
(90, 'rpm-5a9d35352b781', '', '', '0000-00-00', '', 0, '2018-03-05 05:16:53', ''),
(91, 'rpm-5a9d353585159', '', '', '0000-00-00', '', 0, '2018-03-05 05:16:53', ''),
(92, 'rpm-5a9d354f70d3b', '', '', '0000-00-00', '', 0, '2018-03-05 05:17:19', ''),
(93, 'rpm-5a9d359a1755a', '', '', '0000-00-00', '', 0, '2018-03-05 05:18:34', ''),
(94, 'rpm-5a9d35f984eef', '', '', '0000-00-00', '', 0, '2018-03-05 05:20:09', ''),
(95, 'rpm-5a9d364221baa', '', '', '0000-00-00', '', 0, '2018-03-05 05:21:22', ''),
(96, 'rpm-5a9d3697dd5a2', '', '', '0000-00-00', '', 0, '2018-03-05 05:22:47', ''),
(97, 'rpm-5a9d3b274f175', '', '', '0000-00-00', '', 0, '2018-03-05 05:42:15', ''),
(98, 'rpm-5a9d432a71d10', '', '', '0000-00-00', '', 0, '2018-03-05 06:16:26', ''),
(99, 'rpm-5a9d48c21668f', '', '', '0000-00-00', '', 0, '2018-03-05 06:40:18', ''),
(100, 'rpm-5a9d4943e677a', '', '', '0000-00-00', '', 0, '2018-03-05 06:42:27', ''),
(101, 'rpm-5a9d4a1520773', '', '', '0000-00-00', '', 0, '2018-03-05 06:45:57', ''),
(102, 'rpm-5a9d51ea17658', 'LP', '', '0000-00-00', '', 0, '2018-03-05 07:19:22', ''),
(103, 'rpm-5a9d531cf1c82', '', '', '0000-00-00', '', 0, '2018-03-05 07:24:28', ''),
(104, 'rpm-5a9d544f19994', '', '', '0000-00-00', '', 0, '2018-03-05 07:29:35', ''),
(105, 'rpm-5a9d5625d1680', '', '', '0000-00-00', '', 0, '2018-03-05 07:37:25', ''),
(106, 'rpm-5a9d565808351', '', '', '0000-00-00', '', 0, '2018-03-05 07:38:16', ''),
(107, 'rpm-5a9e14bb37131', '', '', '0000-00-00', '', 0, '2018-03-05 21:10:35', ''),
(108, 'rpm-5a9e4a02a30e4', '', '', '0000-00-00', '', 0, '2018-03-06 00:57:54', ''),
(109, 'rpm-5a9e509d0290f', '', '', '0000-00-00', '', 0, '2018-03-06 01:26:05', ''),
(110, 'rpm-5a9e535d732aa', '', '', '0000-00-00', '', 0, '2018-03-06 01:37:49', ''),
(111, 'rpm-5a9e5459db340', '', '', '0000-00-00', '', 0, '2018-03-06 01:42:01', ''),
(112, 'rpm-5a9e5515d5c0d', 'j', '', '0000-00-00', '', 0, '2018-03-06 01:45:09', ''),
(113, 'rpm-5a9e55445c023', '', '', '0000-00-00', '', 0, '2018-03-06 01:45:56', ''),
(114, 'rpm-5a9e5583c7bf1', '', '', '0000-00-00', '', 0, '2018-03-06 01:46:59', ''),
(115, 'rpm-5a9e5a333fa03', 'ip', '', '0000-00-00', '', 0, '2018-03-06 02:06:59', ''),
(116, 'rpm-5a9e5acea39e3', '', '', '0000-00-00', '', 0, '2018-03-06 02:09:34', ''),
(117, 'rpm-5a9e5b91d5b15', '', '', '0000-00-00', '', 0, '2018-03-06 02:12:49', ''),
(118, 'rpm-5a9e61e8b4315', '', '', '0000-00-00', 'F', 0, '2018-03-06 02:39:52', ''),
(119, 'rpm-5a9e62b66bc0d', '', '', '0000-00-00', '', 0, '2018-03-06 02:43:18', ''),
(120, 'rpm-5a9e63493d9d7', '', '', '0000-00-00', '', 0, '2018-03-06 02:45:45', ''),
(121, 'rpm-5a9e6475e9691', '', '', '0000-00-00', '', 0, '2018-03-06 02:50:45', ''),
(122, 'rpm-5a9e648f436d1', '', '', '0000-00-00', '', 0, '2018-03-06 02:51:11', ''),
(123, 'rpm-5a9e677a7827e', '', '', '0000-00-00', '', 0, '2018-03-06 03:03:38', ''),
(124, 'rpm-5a9e6791ecbd4', '', '', '0000-00-00', '', 0, '2018-03-06 03:04:01', ''),
(125, 'rpm-5a9e67a7ca726', '', '', '0000-00-00', '', 0, '2018-03-06 03:04:23', ''),
(126, 'rpm-5a9f88198352a', '', '', '0000-00-00', '', 0, '2018-03-06 23:35:05', ''),
(127, 'rpm-5a9f8993e0884', '', '', '0000-00-00', '', 0, '2018-03-06 23:41:23', ''),
(128, 'rpm-5a9f89a058e9b', '', '', '0000-00-00', '', 0, '2018-03-06 23:41:36', ''),
(129, 'rpm-5a9f8a5a8688f', '', '', '0000-00-00', '', 0, '2018-03-06 23:44:42', ''),
(130, 'rpm-5a9f8be20d309', '', '', '0000-00-00', '', 0, '2018-03-06 23:51:14', ''),
(131, 'rpm-5a9f8c3520e7a', 'Dr', '', '0000-00-00', '', 0, '2018-03-06 23:52:37', ''),
(132, 'rpm-5a9f8e3eb3365', '', '', '0000-00-00', '', 0, '2018-03-07 00:01:18', ''),
(133, 'rpm-5a9f919153561', '', '', '0000-00-00', '', 0, '2018-03-07 00:15:29', ''),
(134, 'rpm-5a9f92502e933', '', '', '0000-00-00', '', 0, '2018-03-07 00:18:40', ''),
(135, 'rpm-5a9f9f5edce93', '', '', '0000-00-00', '', 0, '2018-03-07 01:14:22', ''),
(136, 'rpm-5a9f9fc2d138e', '', '', '0000-00-00', '', 0, '2018-03-07 01:16:02', ''),
(137, 'rpm-5a9fc50b25fb6', 'op', '', '0000-00-00', '', 0, '2018-03-07 03:55:07', ''),
(138, 'rpm-5a9fc5897dd0a', '', '', '0000-00-00', '', 0, '2018-03-07 03:57:13', ''),
(139, 'rpm-5a9fc66540846', '', '', '0000-00-00', '', 0, '2018-03-07 04:00:53', ''),
(140, 'rpm-5a9fc997dc884', '', '', '0000-00-00', '', 0, '2018-03-07 04:14:31', ''),
(141, 'rpm-5a9fcbf945bb1', '', '', '0000-00-00', '', 0, '2018-03-07 04:24:41', ''),
(142, 'rpm-5aa7dc15eb8da', 'Fhhj', 'Dvhj', '2018-03-13', 'F', 4459886, '2018-03-13 07:11:33', 'Hhjjbb'),
(143, 'rpm-5aa7ed0915955', 'Fhfhh', 'Fjfjfj', '2018-03-13', 'M', 494949, '2018-03-13 08:23:53', 'Gjfjfj'),
(144, 'rpm-5aa8dcaf8bcd6', '', '', '0000-00-00', '', 0, '2018-03-14 01:26:23', ''),
(145, 'rpm-5aa8e096ad820', 'NH', '', '0000-00-00', '', 0, '2018-03-14 01:43:02', ''),
(146, 'rpm-5aa8e096ad9e1', 'NH', '', '0000-00-00', '', 0, '2018-03-14 01:43:02', ''),
(147, 'rpm-5aa8e6d4ec838', '', '', '2018-03-08', '', 0, '2018-03-14 02:09:40', ''),
(148, 'rpm-5aa8e6ead061f', '', '', '0000-00-00', '', 0, '2018-03-14 02:10:02', ''),
(149, 'rpm-5aa8e81d885c5', '', '', '0000-00-00', '', 0, '2018-03-14 02:15:09', ''),
(150, 'rpm-5aa8e884b37d4', '', '', '0000-00-00', '', 0, '2018-03-14 02:16:52', ''),
(151, 'rpm-5aa8e8c60252d', '', '', '0000-00-00', '', 0, '2018-03-14 02:17:58', ''),
(152, 'rpm-5aa8e9121c37f', '', '', '0000-00-00', '', 0, '2018-03-14 02:19:14', ''),
(153, 'rpm-5aa8e997cd9d4', '', '', '0000-00-00', '', 0, '2018-03-14 02:21:27', ''),
(154, 'rpm-5aa8e9a921731', '', '', '0000-00-00', '', 0, '2018-03-14 02:21:45', ''),
(155, 'rpm-5aa8f9be69e28', '', '', '0000-00-00', '', 0, '2018-03-14 03:30:22', ''),
(156, 'rpm-5aa8fb5dcc588', '', '', '0000-00-00', '', 0, '2018-03-14 03:37:17', ''),
(157, 'rpm-5aa973bc995e8', '', '', '0000-00-00', '', 0, '2018-03-14 12:10:52', ''),
(158, 'rpm-5aa973d8cc971', '', '', '0000-00-00', '', 0, '2018-03-14 12:11:20', ''),
(159, 'rpm-5aa9744d2fee2', '', '', '0000-00-00', '', 0, '2018-03-14 12:13:17', ''),
(160, 'rpm-5aaa67ae818e7', 'I', '', '0000-00-00', '', 0, '2018-03-15 05:31:42', ''),
(161, 'rpm-5aaa71636e59b', '', '', '0000-00-00', '', 0, '2018-03-15 06:13:07', ''),
(162, 'rpm-5aaa716475f02', '', '', '0000-00-00', '', 0, '2018-03-15 06:13:08', ''),
(163, 'rpm-5aabdf093f77d', '', '', '0000-00-00', '', 0, '2018-03-16 08:13:13', ''),
(164, 'rpm-5aabe103ccdf2', '', '', '0000-00-00', '', 0, '2018-03-16 08:21:39', ''),
(165, 'rpm-5aba4ce8b703d', '', '', '0000-00-00', '', 0, '2018-03-27 06:53:44', ''),
(166, 'rpm-5aba4d2044f10', '', '', '0000-00-00', '', 0, '2018-03-27 06:54:40', ''),
(167, 'rpm-5aba4d35d4b9f', '', '', '0000-00-00', '', 0, '2018-03-27 06:55:01', ''),
(168, 'rpm-5aba4d6e41cd7', '', '', '0000-00-00', '', 0, '2018-03-27 06:55:58', ''),
(169, 'rpm-5aba4e5b027e8', '', '', '0000-00-00', '', 0, '2018-03-27 06:59:55', ''),
(170, 'rpm-5aba4f875677c', '', '', '0000-00-00', '', 0, '2018-03-27 07:04:55', ''),
(171, 'rpm-5aba5092ab70a', '', '', '0000-00-00', '', 0, '2018-03-27 07:09:22', ''),
(172, 'rpm-5abb2a1ae1ab0', '', '', '2018-03-28', '', 0, '2018-03-27 22:37:30', ''),
(173, 'rpm-5abb2b8158d1b', '', '', '0000-00-00', '', 0, '2018-03-27 22:43:29', ''),
(174, 'rpm-5abb2e3f55e9b', '', '', '2018-03-28', '', 0, '2018-03-27 22:55:11', ''),
(175, 'rpm-5abb3716a8fcb', '', '', '0000-00-00', '', 0, '2018-03-27 23:32:54', ''),
(176, 'rpm-5abb397c36412', '', '', '0000-00-00', '', 0, '2018-03-27 23:43:08', ''),
(177, 'rpm-5abb3a2c3b692', '', '', '0000-00-00', '', 0, '2018-03-27 23:46:04', ''),
(178, 'rpm-5abb3b35d4e16', '', '', '0000-00-00', '', 0, '2018-03-27 23:50:29', ''),
(179, 'rpm-5abb3fd728f19', '', '', '0000-00-00', '', 0, '2018-03-28 00:10:15', ''),
(180, 'rpm-5abb4595a6392', '', '', '0000-00-00', '', 0, '2018-03-28 00:34:45', ''),
(181, 'rpm-5abb466851ba9', '', '', '0000-00-00', '', 0, '2018-03-28 00:38:16', ''),
(182, 'rpm-5abb7ede0c28f', '', '', '0000-00-00', '', 0, '2018-03-28 04:39:10', ''),
(183, 'rpm-5abb7f9d7977f', '', '', '0000-00-00', '', 0, '2018-03-28 04:42:21', ''),
(184, 'rpm-5abb9fff7e393', '', '', '0000-00-00', '', 0, '2018-03-28 07:00:31', ''),
(185, 'rpm-5abba6db5b579', 'no', '', '0000-00-00', '', 0, '2018-03-28 07:29:47', ''),
(186, 'rpm-5abbaa738e960', '', '', '0000-00-00', '', 0, '2018-03-28 07:45:07', ''),
(187, 'rpm-5abc9e3e49f99', '', '', '0000-00-00', '', 0, '2018-03-29 01:05:18', ''),
(188, 'rpm-5abc9f591db80', '', '', '0000-00-00', '', 0, '2018-03-29 01:10:01', ''),
(189, 'rpm-5abca6a89c334', '', '', '0000-00-00', '', 0, '2018-03-29 01:41:12', ''),
(190, 'rpm-5abca885a92f3', '', '', '0000-00-00', '', 0, '2018-03-29 01:49:09', ''),
(191, 'rpm-5abca97279890', '', '', '0000-00-00', '', 0, '2018-03-29 01:53:06', ''),
(192, 'rpm-5abca9efa2fa1', '', '', '0000-00-00', '', 0, '2018-03-29 01:55:11', ''),
(193, 'rpm-5abcab0155015', '', '', '0000-00-00', '', 0, '2018-03-29 01:59:45', ''),
(194, 'rpm-5abcb518b159c', '', '', '0000-00-00', '', 0, '2018-03-29 02:42:48', ''),
(195, 'rpm-5abcc2b2b35fe', 'hi', '', '0000-00-00', '', 0, '2018-03-29 03:40:50', ''),
(196, 'rpm-5abce9d1052e4', '', '', '0000-00-00', '', 0, '2018-03-29 06:27:45', ''),
(197, 'rpm-5abceb849f27d', '', '', '0000-00-00', '', 0, '2018-03-29 06:35:00', ''),
(198, 'rpm-5abd026d0f1ef', '', '', '0000-00-00', '', 0, '2018-03-29 08:12:45', ''),
(199, 'rpm-5abd036fbd9e2', '', '', '1990-08-06', '', 0, '2018-03-29 08:17:03', ''),
(200, 'rpm-5abd03cf15849', '', '', '0000-00-00', '', 0, '2018-03-29 08:18:39', ''),
(201, 'rpm-5abd043b2c2ff', '', '', '0000-00-00', '', 0, '2018-03-29 08:20:27', ''),
(202, 'rpm-5abd04f59a92f', '', '', '0000-00-00', '', 0, '2018-03-29 08:23:33', ''),
(203, 'rpm-5abdbcfe09010', '', '', '0000-00-00', '', 0, '2018-03-29 21:28:46', ''),
(204, 'rpm-5abe1aa63278e', '', '', '0000-00-00', '', 0, '2018-03-30 04:08:22', ''),
(205, 'rpm-5abe284a34b00', '', '', '0000-00-00', '', 0, '2018-03-30 05:06:34', ''),
(206, 'rpm-5abe2b8c6735a', '', '', '0000-00-00', '', 0, '2018-03-30 05:20:28', ''),
(207, 'rpm-5abe34078f0e2', '', '', '0000-00-00', '', 0, '2018-03-30 05:56:39', ''),
(208, 'rpm-5abe34244e33a', '', '', '0000-00-00', '', 0, '2018-03-30 05:57:08', ''),
(209, 'rpm-5abe34409a056', '', '', '0000-00-00', '', 0, '2018-03-30 05:57:36', ''),
(210, 'rpm-5abe355400aca', '', '', '0000-00-00', '', 0, '2018-03-30 06:02:12', ''),
(211, 'rpm-5abf138ac4801', '', '', '0000-00-00', '', 0, '2018-03-30 21:50:18', ''),
(212, 'rpm-5abf215218988', '', '', '0000-00-00', '', 0, '2018-03-30 22:49:06', ''),
(213, 'rpm-5abf21e422e0f', '', '', '0000-00-00', '', 0, '2018-03-30 22:51:32', ''),
(214, 'rpm-5abf22436248b', '', '', '0000-00-00', '', 0, '2018-03-30 22:53:07', ''),
(215, 'rpm-5abf2334411fa', '', '', '0000-00-00', '', 0, '2018-03-30 22:57:08', ''),
(216, 'rpm-5abf23bfd2b0f', '', '', '0000-00-00', '', 0, '2018-03-30 22:59:27', ''),
(217, 'rpm-5abf2a8fdaff6', '', '', '0000-00-00', '', 0, '2018-03-30 23:28:31', '');

-- --------------------------------------------------------

--
-- Table structure for table `priscribedose`
--

DROP TABLE IF EXISTS `priscribedose`;
CREATE TABLE IF NOT EXISTS `priscribedose` (
  `id` int(11) NOT NULL AUTO_INCREMENT,
  `name` text NOT NULL,
  `frequency` int(11) NOT NULL,
  `days` int(11) NOT NULL,
  `medicalconditionid` bigint(20) NOT NULL,
  PRIMARY KEY (`id`)
) ENGINE=InnoDB  DEFAULT CHARSET=latin1 AUTO_INCREMENT=20 ;

--
-- Dumping data for table `priscribedose`
--

INSERT INTO `priscribedose` (`id`, `name`, `frequency`, `days`, `medicalconditionid`) VALUES
(14, 'gsg', 5, 5, 17),
(15, 'Fhh', 0, 0, 18),
(16, 'hshs', 0, 0, 19),
(17, 'fhfjcj', 0, 0, 33),
(18, 'Gj', 0, 0, 69),
(19, 'Cjcj', 0, 0, 70);

-- --------------------------------------------------------

--
-- Table structure for table `user_table`
--

DROP TABLE IF EXISTS `user_table`;
CREATE TABLE IF NOT EXISTS `user_table` (
  `id` int(11) NOT NULL AUTO_INCREMENT,
  `village_name` text,
  `user_name` text,
  `vilage_id` int(11) NOT NULL,
  `tq_id` int(11) DEFAULT NULL,
  `mobile` text,
  `dob` text,
  `birthday` text,
  `password` text,
  PRIMARY KEY (`id`)
) ENGINE=InnoDB  DEFAULT CHARSET=latin1 AUTO_INCREMENT=54 ;

--
-- Dumping data for table `user_table`
--

INSERT INTO `user_table` (`id`, `village_name`, `user_name`, `vilage_id`, `tq_id`, `mobile`, `dob`, `birthday`, `password`) VALUES
(1, 'Morhira', 'Geeta Tathe', 1, NULL, '9975294782', NULL, NULL, 'user@123'),
(2, 'Poonam', 'Pooname Deshmukh', 2, NULL, '9922436485', NULL, NULL, 'user@123'),
(3, 'Dhondkheda', 'Mukta Ghuge', 3, NULL, NULL, NULL, NULL, 'user@123'),
(4, 'Lingdari', 'Vandana Dhakane', 4, NULL, NULL, NULL, NULL, 'user@123'),
(5, 'Kankora', 'sharda Ghuge', 5, NULL, NULL, NULL, NULL, 'user@123'),
(6, 'Sarola', 'Komal Walke', 6, NULL, NULL, NULL, NULL, 'user@123'),
(7, 'Waghola', 'Lata Gaikwad', 7, NULL, NULL, NULL, NULL, 'user@123'),
(8, 'Lohgad Nandra', 'Rekha Gavandar', 8, NULL, NULL, NULL, NULL, 'user@123'),
(9, 'Donwada', 'Shobha Pawar', 9, NULL, NULL, NULL, NULL, 'user@123'),
(10, 'Donwada Tanda', 'Savita Rathod', 10, NULL, NULL, NULL, NULL, 'user@123'),
(11, 'Borwadi', 'Suvarna Pathade', 11, NULL, NULL, NULL, NULL, 'user@123'),
(12, 'Borwadi Tanda', 'Shkuntala Rathod', 12, NULL, NULL, NULL, NULL, 'user@123'),
(13, 'Anjandoh', 'Kamal Shejul', 13, NULL, NULL, NULL, NULL, 'user@123'),
(14, 'Anjandoh Tanda', 'Meera Chauhan', 14, NULL, NULL, NULL, NULL, 'user@123'),
(15, 'Lamkana', 'Shakuntala Barbaile', 15, NULL, NULL, NULL, NULL, 'user@123'),
(16, 'Lamkana wadi', 'Rukhaman Jarade', 16, NULL, NULL, NULL, NULL, 'user@123'),
(17, 'Naigavan', 'Varsha Shejul', 17, NULL, NULL, NULL, NULL, 'user@123'),
(18, 'Hatmali', 'Prabhavati Padul', 18, NULL, NULL, NULL, NULL, 'user@123'),
(19, 'Selod', 'Praveen Shekh', 19, NULL, NULL, NULL, NULL, 'user@123'),
(20, 'Chartha', 'Vandana Navgire', 20, NULL, NULL, NULL, NULL, 'user@123'),
(21, 'Sayyadpur', 'Savita Gadekar', 21, NULL, NULL, NULL, NULL, 'user@123'),
(22, 'Kanchanaapur', 'Sunita Davit Kambale', 22, NULL, NULL, NULL, NULL, 'user@123'),
(23, 'Murumkheda', 'Yashoda Dabhade', 23, NULL, NULL, NULL, NULL, 'user@123'),
(24, 'Bhambarda', 'Karuna Kakade', 24, NULL, NULL, NULL, NULL, 'user@123'),
(25, 'Feran Jalgav', 'Jyoti Bhadange', 25, NULL, NULL, NULL, NULL, 'user@123'),
(26, 'Nandeda', 'Nanda Mate', 26, NULL, NULL, NULL, NULL, 'user@123'),
(27, 'Kuber Gevrai', 'Sangeeta Kuber', 27, NULL, NULL, NULL, NULL, 'user@123'),
(28, 'Jaipur', 'Mangal Mate', 28, NULL, NULL, NULL, NULL, 'user@123'),
(29, 'Ambegaon', 'Anita Sakalkar', 29, NULL, NULL, NULL, NULL, 'user@123'),
(30, 'Karodi', 'Varsha Jadhav', 30, NULL, NULL, NULL, NULL, 'user@123'),
(31, 'Ambegaon Wadi', 'Surekha Bankar', 31, NULL, NULL, NULL, NULL, 'user@123'),
(32, 'Toki', 'Sheela Shejwal', 32, NULL, NULL, NULL, NULL, 'user@123'),
(33, 'Eklahera', 'Kamal Jadhav', 33, NULL, NULL, NULL, NULL, 'user@123'),
(34, 'Narala', 'Padmabai Ghait', 34, NULL, NULL, NULL, NULL, 'user@123'),
(35, 'Bhavadi', 'Manda Kolte', 35, NULL, NULL, NULL, NULL, 'user@123'),
(36, 'Selod pati', 'Kadubai Sasemahal', 36, NULL, NULL, NULL, NULL, 'user@123'),
(37, 'Babhulgaon', 'Vandana Tarathe', 37, NULL, NULL, NULL, NULL, 'user@123'),
(38, 'Girsavali', 'Lata Gadekar', 38, NULL, NULL, NULL, NULL, 'user@123'),
(39, 'Marsavali', 'Meera Gadekar', 39, NULL, NULL, NULL, NULL, 'user@123'),
(40, 'Dudhad', 'Nirmala Kakade', 40, NULL, NULL, NULL, NULL, 'user@123'),
(41, 'Dudhad', 'Jyoti Chaudhary', 41, NULL, NULL, NULL, NULL, 'user@123'),
(42, 'Babuwadi', 'Savita Korade', 42, NULL, NULL, NULL, NULL, 'user@123'),
(43, 'Fazalwadi', 'Hasina Pathan', 43, NULL, NULL, NULL, NULL, 'user@123'),
(44, 'Waghalgaon', 'Sunita Gadekar', 44, NULL, NULL, NULL, NULL, 'user@123'),
(45, 'Daregao Dari', 'Laxmibai Tupe', 45, NULL, NULL, NULL, NULL, 'user@123'),
(46, 'Dongargaon Kawad', 'Padma Jadhav', 46, NULL, NULL, NULL, NULL, 'user@123'),
(47, 'Ranjangaon', 'Ganga Kondke', 47, NULL, NULL, NULL, NULL, 'user@123'),
(48, 'Aadgaon Tanda', 'Devi Chauhan', 48, NULL, NULL, NULL, NULL, 'user@123'),
(49, 'Shelgaon', 'Malanbai Danave', 49, NULL, NULL, NULL, NULL, 'user@123'),
(50, 'PimpalKhunta', 'Yamuna Kakasaheb Chaudhari', 50, NULL, NULL, NULL, NULL, 'user@123'),
(51, 'Dhamangaon', 'Suvarna Salunke', 51, NULL, NULL, NULL, NULL, 'user@123'),
(52, 'Bhogalwadi', 'Ranjana Sathe', 52, NULL, NULL, NULL, NULL, 'user@123'),
(53, 'manjari', 'vishal', 99, 55, '99999999999', '22-12-2017', NULL, 'user@123');

-- --------------------------------------------------------

--
-- Table structure for table `vaccinationmaster`
--

DROP TABLE IF EXISTS `vaccinationmaster`;
CREATE TABLE IF NOT EXISTS `vaccinationmaster` (
  `id` bigint(20) NOT NULL AUTO_INCREMENT,
  `dpt` enum('Y','N','','') NOT NULL DEFAULT 'N',
  `bcg` enum('Y','N','','') NOT NULL DEFAULT 'N',
  `measles` enum('Y','N','','') NOT NULL DEFAULT 'N',
  `opv` enum('Y','N','','') NOT NULL DEFAULT 'N',
  `ttt` enum('Y','N','','') NOT NULL DEFAULT 'N',
  `hepatitis` enum('Y','N','','') NOT NULL DEFAULT 'N',
  `other` text,
  `patient_id` bigint(20) NOT NULL,
  `registration_no` text NOT NULL,
  PRIMARY KEY (`id`)
) ENGINE=InnoDB  DEFAULT CHARSET=latin1 AUTO_INCREMENT=91 ;

--
-- Dumping data for table `vaccinationmaster`
--

INSERT INTO `vaccinationmaster` (`id`, `dpt`, `bcg`, `measles`, `opv`, `ttt`, `hepatitis`, `other`, `patient_id`, `registration_no`) VALUES
(16, '', 'Y', 'Y', '', '', '', '', 26, 'rpm-5a75b4e11a8b8'),
(17, 'Y', 'Y', 'Y', '', '', '', '', 27, 'rpm-5a75b59cb30fb'),
(18, 'Y', 'Y', '', '', '', '', '', 28, 'rpm-5a75bb0e56a01'),
(19, '', '', '', '', '', '', '', 30, 'rpm-5a784f4a796fc'),
(20, '', '', '', '', '', '', '', 32, 'rpm-5a784f9e65eda'),
(21, '', '', '', '', '', '', '', 34, 'rpm-5a827f24a4a2c'),
(22, '', '', '', '', '', '', '', 35, 'rpm-5a82802c7b5fd'),
(23, '', '', '', '', '', '', '', 36, 'rpm-5a82812d74214'),
(24, '', '', '', '', '', '', '', 39, 'rpm-5a82867bd18df'),
(25, '', '', '', '', '', '', '', 38, 'rpm-5a828678a640c'),
(26, '', '', '', '', '', '', '', 40, 'rpm-5a8287679a050'),
(27, '', '', '', '', '', '', '', 42, 'rpm-5a8289f8e0ea7'),
(28, '', '', '', '', '', '', '', 44, 'rpm-5a82d58e01d27'),
(29, '', '', '', '', '', '', '', 45, 'rpm-5a83cf692b651'),
(30, '', '', '', '', '', '', '', 46, 'rpm-5a84952304183'),
(31, '', '', '', '', '', '', '', 49, 'rpm-5a8d37cbb7454'),
(32, '', '', '', '', '', '', '', 52, 'rpm-5a90215e885c8'),
(33, '', '', '', '', '', '', '', 54, 'rpm-5a90236fe62e5'),
(34, '', '', '', '', '', '', '', 57, 'rpm-5a982dae874f3'),
(35, '', '', '', '', '', '', '', 58, 'rpm-5a982ee2f26fc'),
(36, '', '', '', '', '', '', '', 61, 'rpm-5a9bab677f9ca'),
(37, '', '', '', '', '', '', '', 124, 'rpm-5a9e6791ecbd4'),
(38, '', '', '', '', '', '', '', 126, 'rpm-5a9f88198352a'),
(39, '', '', '', '', '', '', '', 128, 'rpm-5a9f89a058e9b'),
(40, '', '', '', '', '', '', '', 129, 'rpm-5a9f8a5a8688f'),
(41, '', '', '', '', '', '', '', 130, 'rpm-5a9f8be20d309'),
(42, '', '', '', '', '', '', '', 131, 'rpm-5a9f8c3520e7a'),
(43, '', '', '', '', '', '', '', 132, 'rpm-5a9f8e3eb3365'),
(44, '', '', '', '', '', '', '', 133, 'rpm-5a9f919153561'),
(45, '', '', '', '', '', '', '', 134, 'rpm-5a9f92502e933'),
(46, '', '', '', '', '', '', '', 135, 'rpm-5a9f9f5edce93'),
(47, '', '', '', '', '', '', '', 136, 'rpm-5a9f9fc2d138e'),
(48, '', '', '', '', '', '', '', 141, 'rpm-5a9fcbf945bb1'),
(49, 'Y', '', '', '', '', '', '', 142, 'rpm-5aa7dc15eb8da'),
(50, 'Y', '', '', '', '', '', '', 143, 'rpm-5aa7ed0915955'),
(51, '', '', '', '', '', '', '', 146, 'rpm-5aa8e096ad9e1'),
(52, 'N', '', '', '', '', '', '', 149, 'rpm-5aa8e81d885c5'),
(53, '', '', '', '', '', '', '', 150, 'rpm-5aa8e884b37d4'),
(54, '', '', '', '', '', '', '', 152, 'rpm-5aa8e9121c37f'),
(55, '', '', '', '', '', '', '', 154, 'rpm-5aa8e9a921731'),
(56, '', '', '', '', '', '', '', 157, 'rpm-5aa973bc995e8'),
(57, '', '', '', '', '', '', '', 158, 'rpm-5aa973d8cc971'),
(58, '', '', '', '', '', '', '', 159, 'rpm-5aa9744d2fee2'),
(59, '', '', '', '', '', '', '', 160, 'rpm-5aaa67ae818e7'),
(60, '', '', '', '', '', '', '', 160, 'rpm-5aaa67ae818e7'),
(61, '', '', '', '', '', '', '', 163, 'rpm-5aabdf093f77d'),
(62, '', '', '', '', '', '', '', 171, 'rpm-5aba5092ab70a'),
(63, '', '', '', '', '', '', '', 172, 'rpm-5abb2a1ae1ab0'),
(64, '', '', '', '', '', '', '', 180, 'rpm-5abb4595a6392'),
(65, '', '', '', '', '', '', '', 182, 'rpm-5abb7ede0c28f'),
(66, '', '', '', '', '', '', '', 183, 'rpm-5abb7f9d7977f'),
(67, '', '', '', '', '', '', '', 184, 'rpm-5abb9fff7e393'),
(68, '', '', '', '', '', '', '', 186, 'rpm-5abbaa738e960'),
(69, '', '', '', '', '', '', '', 187, 'rpm-5abc9e3e49f99'),
(70, '', '', '', '', '', '', '', 188, 'rpm-5abc9f591db80'),
(71, '', '', '', '', '', '', '', 189, 'rpm-5abca6a89c334'),
(72, '', '', '', '', '', '', '', 190, 'rpm-5abca885a92f3'),
(73, '', '', '', '', '', '', '', 191, 'rpm-5abca97279890'),
(74, '', '', '', '', '', '', '', 192, 'rpm-5abca9efa2fa1'),
(75, '', '', '', '', '', '', '', 193, 'rpm-5abcab0155015'),
(76, '', '', '', '', '', '', '', 194, 'rpm-5abcb518b159c'),
(77, '', '', '', '', '', '', '', 195, 'rpm-5abcc2b2b35fe'),
(78, '', '', '', '', '', '', '', 196, 'rpm-5abce9d1052e4'),
(79, '', '', '', '', '', '', '', 197, 'rpm-5abceb849f27d'),
(80, '', '', '', '', '', '', '', 198, 'rpm-5abd026d0f1ef'),
(81, '', '', '', '', '', '', '', 199, 'rpm-5abd036fbd9e2'),
(82, '', '', '', '', '', '', '', 200, 'rpm-5abd03cf15849'),
(83, '', '', '', '', '', '', '', 202, 'rpm-5abd04f59a92f'),
(84, '', '', '', '', '', '', '', 203, 'rpm-5abdbcfe09010'),
(85, '', '', '', '', '', '', '', 204, 'rpm-5abe1aa63278e'),
(86, '', '', '', '', '', '', '', 205, 'rpm-5abe284a34b00'),
(87, '', '', '', '', '', '', '', 207, 'rpm-5abe34078f0e2'),
(88, '', '', '', '', '', '', '', 209, 'rpm-5abe34409a056'),
(89, '', '', '', '', '', '', '', 211, 'rpm-5abf138ac4801'),
(90, '', '', '', '', '', '', '', 216, 'rpm-5abf23bfd2b0f');

-- --------------------------------------------------------

--
-- Table structure for table `vital_master`
--

DROP TABLE IF EXISTS `vital_master`;
CREATE TABLE IF NOT EXISTS `vital_master` (
  `id` bigint(20) NOT NULL AUTO_INCREMENT,
  `pid` bigint(20) NOT NULL,
  `registrationno` text NOT NULL,
  `height` float NOT NULL,
  `weight` float NOT NULL,
  `bloodpresure` int(11) NOT NULL,
  `tempreture` int(11) NOT NULL,
  `respiration` int(11) NOT NULL,
  `updatedate` datetime NOT NULL DEFAULT CURRENT_TIMESTAMP,
  `bpto` int(11) NOT NULL,
  PRIMARY KEY (`id`)
) ENGINE=InnoDB  DEFAULT CHARSET=latin1 AUTO_INCREMENT=193 ;

--
-- Dumping data for table `vital_master`
--

INSERT INTO `vital_master` (`id`, `pid`, `registrationno`, `height`, `weight`, `bloodpresure`, `tempreture`, `respiration`, `updatedate`, `bpto`) VALUES
(20, 26, 'rpm-5a75b4e11a8b8', 8787, 4845, 548, 87878, 8484, '2018-02-03 06:11:06', 878),
(21, 27, 'rpm-5a75b59cb30fb', 7775, 444, 444, 98, 120, '2018-02-03 06:14:26', 445),
(22, 28, 'rpm-5a75bb0e56a01', 1000, 65, 80, 65, 8484, '2018-02-03 06:37:54', 120),
(23, 29, 'rpm-5a784d7fd35cb', 0, 0, 0, 0, 0, '2018-02-05 05:26:47', 0),
(24, 30, 'rpm-5a784f4a796fc', 0, 0, 0, 0, 0, '2018-02-05 05:34:21', 0),
(25, 31, 'rpm-5a784f796faa1', 0, 0, 0, 0, 0, '2018-02-05 05:35:11', 0),
(26, 32, 'rpm-5a784f9e65eda', 0, 0, 0, 0, 0, '2018-02-05 05:35:45', 0),
(27, 34, 'rpm-5a827f24a4a2c', 165, 0, 0, 0, 0, '2018-02-12 23:01:47', 0),
(28, 35, 'rpm-5a82802c7b5fd', 0, 0, 0, 0, 0, '2018-02-12 23:05:36', 0),
(29, 36, 'rpm-5a82812d74214', 0, 0, 0, 0, 0, '2018-02-12 23:09:54', 0),
(30, 38, 'rpm-5a828678a640c', 0, 0, 0, 0, 0, '2018-02-12 23:32:31', 0),
(31, 39, 'rpm-5a82867bd18df', 0, 0, 0, 0, 0, '2018-02-12 23:33:23', 0),
(32, 40, 'rpm-5a8287679a050', 0, 0, 0, 0, 0, '2018-02-12 23:36:26', 0),
(33, 41, 'rpm-5a8289ce8bdad', 0, 0, 0, 0, 0, '2018-02-12 23:46:41', 0),
(34, 42, 'rpm-5a8289f8e0ea7', 0, 0, 0, 0, 0, '2018-02-12 23:49:12', 0),
(35, 44, 'rpm-5a82d58e01d27', 0, 0, 0, 0, 0, '2018-02-13 05:09:55', 0),
(36, 45, 'rpm-5a83cf692b651', 0, 0, 0, 0, 0, '2018-02-13 22:56:04', 0),
(37, 46, 'rpm-5a84952304183', 0, 0, 0, 0, 0, '2018-02-14 13:00:05', 0),
(38, 49, 'rpm-5a8d37cbb7454', 0, 0, 0, 0, 0, '2018-02-21 02:11:42', 0),
(39, 50, 'rpm-5a8d37e448119', 0, 0, 0, 0, 0, '2018-02-21 02:12:06', 0),
(40, 52, 'rpm-5a90215e885c8', 55, 55, 55, 55, 55, '2018-02-23 07:13:02', 55),
(41, 53, 'rpm-5a9022f63c676', 0, 0, 0, 0, 0, '2018-02-23 07:19:37', 0),
(42, 54, 'rpm-5a90236fe62e5', 0, 0, 0, 0, 0, '2018-02-23 07:21:43', 0),
(43, 55, 'rpm-5a90323174dd8', 6, 60, 4, 101, 101, '2018-02-23 08:25:00', 150),
(44, 57, 'rpm-5a982dae874f3', 878, 65, 85, 55, 88, '2018-03-01 09:43:47', 55),
(45, 58, 'rpm-5a982ee2f26fc', 0, 0, 0, 0, 0, '2018-03-01 09:48:38', 0),
(46, 61, 'rpm-5a9bab677f9ca', 0, 0, 0, 0, 0, '2018-03-04 01:16:47', 0),
(47, 62, 'rpm-5a9be02bcc0c9', 158, 60, 15, 30, 5555, '2018-03-04 05:02:29', 55),
(48, 63, 'rpm-5a9d01b065c45', 22, 154, 848, 54978, 5778, '2018-03-05 01:37:17', 984),
(49, 64, 'rpm-5a9d056f9e23e', 589, 48, 797, 8878, 7789, '2018-03-05 01:53:14', 979),
(50, 65, 'rpm-5a9d06ff36074', 0, 0, 0, 0, 0, '2018-03-05 01:59:44', 0),
(51, 66, 'rpm-5a9d072ad8b61', 0, 0, 0, 0, 0, '2018-03-05 02:00:28', 0),
(52, 67, 'rpm-5a9d07e6394ff', 0, 0, 0, 0, 0, '2018-03-05 02:03:35', 0),
(53, 68, 'rpm-5a9d08d0e322b', 0, 0, 0, 0, 0, '2018-03-05 02:07:30', 0),
(54, 69, 'rpm-5a9d16bc09ee4', 0, 0, 0, 0, 0, '2018-03-05 03:06:54', 0),
(55, 70, 'rpm-5a9d172402797', 0, 0, 0, 0, 0, '2018-03-05 03:08:37', 0),
(56, 71, 'rpm-5a9d1807a12ec', 0, 0, 0, 0, 0, '2018-03-05 03:12:25', 0),
(57, 72, 'rpm-5a9d19f45e6b1', 0, 0, 0, 0, 0, '2018-03-05 03:20:38', 0),
(58, 73, 'rpm-5a9d1e0b72fa4', 0, 0, 0, 0, 0, '2018-03-05 03:38:05', 0),
(59, 76, 'rpm-5a9d1ef480343', 0, 0, 0, 0, 0, '2018-03-05 03:41:58', 0),
(60, 77, 'rpm-5a9d203d87b5c', 0, 0, 0, 0, 0, '2018-03-05 03:47:27', 0),
(61, 78, 'rpm-5a9d21fb8014b', 0, 0, 0, 0, 0, '2018-03-05 03:54:54', 0),
(62, 79, 'rpm-5a9d26427360a', 0, 0, 0, 0, 0, '2018-03-05 04:13:08', 0),
(63, 80, 'rpm-5a9d28593c45d', 0, 0, 0, 0, 0, '2018-03-05 04:22:06', 0),
(64, 81, 'rpm-5a9d28caa8049', 0, 0, 0, 0, 0, '2018-03-05 04:23:56', 0),
(65, 82, 'rpm-5a9d2a07614b6', 0, 0, 0, 0, 0, '2018-03-05 04:29:13', 0),
(66, 83, 'rpm-5a9d2c8c1072a', 0, 0, 0, 0, 0, '2018-03-05 04:39:58', 0),
(67, 84, 'rpm-5a9d31b07bac0', 0, 0, 0, 0, 0, '2018-03-05 05:01:54', 0),
(68, 85, 'rpm-5a9d31c143855', 0, 0, 0, 0, 0, '2018-03-05 05:02:12', 0),
(69, 86, 'rpm-5a9d339589ac7', 0, 0, 0, 0, 0, '2018-03-05 05:09:59', 0),
(70, 87, 'rpm-5a9d33eb0bbb0', 0, 0, 0, 0, 0, '2018-03-05 05:11:25', 0),
(71, 88, 'rpm-5a9d344e4e879', 0, 0, 0, 0, 0, '2018-03-05 05:13:04', 0),
(72, 89, 'rpm-5a9d34fdab333', 0, 0, 0, 0, 0, '2018-03-05 05:15:59', 0),
(73, 92, 'rpm-5a9d354f70d3b', 0, 0, 0, 0, 0, '2018-03-05 05:17:21', 0),
(74, 93, 'rpm-5a9d359a1755a', 0, 0, 0, 0, 0, '2018-03-05 05:18:35', 0),
(75, 94, 'rpm-5a9d35f984eef', 0, 0, 0, 0, 0, '2018-03-05 05:20:11', 0),
(76, 95, 'rpm-5a9d364221baa', 0, 0, 0, 0, 0, '2018-03-05 05:21:24', 0),
(77, 96, 'rpm-5a9d3697dd5a2', 0, 0, 0, 0, 0, '2018-03-05 05:22:49', 0),
(78, 97, 'rpm-5a9d3b274f175', 0, 0, 0, 0, 0, '2018-03-05 05:42:17', 0),
(79, 98, 'rpm-5a9d432a71d10', 0, 0, 0, 0, 0, '2018-03-05 06:16:28', 0),
(80, 99, 'rpm-5a9d48c21668f', 0, 0, 0, 0, 0, '2018-03-05 06:40:19', 0),
(81, 100, 'rpm-5a9d4943e677a', 0, 0, 0, 0, 0, '2018-03-05 06:42:29', 0),
(82, 101, 'rpm-5a9d4a1520773', 0, 0, 0, 0, 0, '2018-03-05 06:45:58', 0),
(83, 102, 'rpm-5a9d51ea17658', 0, 0, 0, 0, 0, '2018-03-05 07:19:25', 0),
(84, 103, 'rpm-5a9d531cf1c82', 0, 0, 0, 0, 0, '2018-03-05 07:24:32', 0),
(85, 104, 'rpm-5a9d544f19994', 0, 0, 0, 0, 0, '2018-03-05 07:29:37', 0),
(86, 105, 'rpm-5a9d5625d1680', 0, 0, 0, 0, 0, '2018-03-05 07:37:27', 0),
(87, 106, 'rpm-5a9d565808351', 0, 0, 0, 0, 0, '2018-03-05 07:38:17', 0),
(88, 107, 'rpm-5a9e14bb37131', 0, 0, 0, 0, 0, '2018-03-05 21:10:39', 0),
(89, 108, 'rpm-5a9e4a02a30e4', 0, 0, 0, 0, 0, '2018-03-06 00:57:57', 0),
(90, 109, 'rpm-5a9e509d0290f', 0, 0, 0, 0, 0, '2018-03-06 01:26:06', 0),
(91, 110, 'rpm-5a9e535d732aa', 0, 0, 0, 0, 0, '2018-03-06 01:37:52', 0),
(92, 111, 'rpm-5a9e5459db340', 0, 0, 0, 0, 0, '2018-03-06 01:42:03', 0),
(93, 112, 'rpm-5a9e5515d5c0d', 0, 0, 0, 0, 0, '2018-03-06 01:45:11', 0),
(94, 113, 'rpm-5a9e55445c023', 0, 0, 0, 0, 0, '2018-03-06 01:45:58', 0),
(95, 114, 'rpm-5a9e5583c7bf1', 0, 0, 0, 0, 0, '2018-03-06 01:47:01', 0),
(96, 115, 'rpm-5a9e5a333fa03', 0, 0, 0, 0, 0, '2018-03-06 02:07:01', 0),
(97, 116, 'rpm-5a9e5acea39e3', 0, 0, 0, 0, 0, '2018-03-06 02:09:36', 0),
(98, 117, 'rpm-5a9e5b91d5b15', 0, 0, 0, 0, 0, '2018-03-06 02:12:52', 0),
(99, 118, 'rpm-5a9e61e8b4315', 0, 0, 0, 0, 0, '2018-03-06 02:39:56', 0),
(100, 119, 'rpm-5a9e62b66bc0d', 0, 0, 0, 0, 0, '2018-03-06 02:43:20', 0),
(101, 120, 'rpm-5a9e63493d9d7', 0, 0, 0, 0, 0, '2018-03-06 02:45:47', 0),
(102, 121, 'rpm-5a9e6475e9691', 0, 0, 0, 0, 0, '2018-03-06 02:50:47', 0),
(103, 122, 'rpm-5a9e648f436d1', 0, 0, 0, 0, 0, '2018-03-06 02:51:16', 0),
(104, 123, 'rpm-5a9e677a7827e', 0, 0, 0, 0, 0, '2018-03-06 03:03:39', 0),
(105, 124, 'rpm-5a9e6791ecbd4', 0, 0, 0, 0, 0, '2018-03-06 03:04:03', 0),
(106, 125, 'rpm-5a9e67a7ca726', 0, 0, 0, 0, 0, '2018-03-06 03:04:25', 0),
(107, 126, 'rpm-5a9f88198352a', 0, 0, 0, 0, 0, '2018-03-06 23:35:07', 0),
(108, 127, 'rpm-5a9f8993e0884', 0, 0, 0, 0, 0, '2018-03-06 23:41:25', 0),
(109, 128, 'rpm-5a9f89a058e9b', 0, 0, 0, 0, 0, '2018-03-06 23:41:37', 0),
(110, 129, 'rpm-5a9f8a5a8688f', 0, 0, 0, 0, 0, '2018-03-06 23:44:43', 0),
(111, 130, 'rpm-5a9f8be20d309', 0, 0, 0, 0, 0, '2018-03-06 23:51:16', 0),
(112, 131, 'rpm-5a9f8c3520e7a', 0, 0, 0, 0, 0, '2018-03-06 23:52:38', 0),
(113, 132, 'rpm-5a9f8e3eb3365', 0, 0, 0, 0, 0, '2018-03-07 00:01:20', 0),
(114, 133, 'rpm-5a9f919153561', 0, 0, 0, 0, 0, '2018-03-07 00:15:31', 0),
(115, 134, 'rpm-5a9f92502e933', 0, 0, 0, 0, 0, '2018-03-07 00:18:41', 0),
(116, 135, 'rpm-5a9f9f5edce93', 0, 0, 0, 0, 0, '2018-03-07 01:14:24', 0),
(117, 136, 'rpm-5a9f9fc2d138e', 0, 0, 0, 0, 0, '2018-03-07 01:16:04', 0),
(118, 137, 'rpm-5a9fc50b25fb6', 0, 0, 0, 0, 0, '2018-03-07 03:55:11', 0),
(119, 138, 'rpm-5a9fc5897dd0a', 0, 0, 0, 0, 0, '2018-03-07 03:57:15', 0),
(120, 139, 'rpm-5a9fc66540846', 0, 0, 0, 0, 0, '2018-03-07 04:00:54', 0),
(121, 140, 'rpm-5a9fc997dc884', 0, 0, 0, 0, 0, '2018-03-07 04:15:05', 0),
(122, 141, 'rpm-5a9fcbf945bb1', 0, 0, 0, 0, 0, '2018-03-07 04:24:43', 0),
(123, 142, 'rpm-5aa7dc15eb8da', 154, 56, 124, 97, 60, '2018-03-13 07:12:08', 140),
(124, 143, 'rpm-5aa7ed0915955', 5959, 55, 558, 545, 888, '2018-03-13 08:24:57', 88),
(125, 146, 'rpm-5aa8e096ad9e1', 0, 0, 0, 0, 0, '2018-03-14 01:43:04', 0),
(126, 148, 'rpm-5aa8e6ead061f', 0, 0, 0, 0, 0, '2018-03-14 02:10:04', 0),
(127, 147, 'rpm-5aa8e6d4ec838', 0, 0, 0, 0, 0, '2018-03-14 02:10:09', 0),
(128, 149, 'rpm-5aa8e81d885c5', 0, 0, 0, 0, 0, '2018-03-14 02:15:13', 0),
(129, 150, 'rpm-5aa8e884b37d4', 0, 0, 0, 0, 0, '2018-03-14 02:17:01', 0),
(130, 151, 'rpm-5aa8e8c60252d', 0, 0, 0, 0, 0, '2018-03-14 02:18:00', 0),
(131, 152, 'rpm-5aa8e9121c37f', 0, 0, 0, 0, 0, '2018-03-14 02:19:16', 0),
(132, 153, 'rpm-5aa8e997cd9d4', 0, 0, 0, 0, 0, '2018-03-14 02:21:29', 0),
(133, 154, 'rpm-5aa8e9a921731', 0, 0, 0, 0, 0, '2018-03-14 02:21:47', 0),
(134, 156, 'rpm-5aa8fb5dcc588', 0, 0, 0, 0, 0, '2018-03-14 03:37:21', 0),
(135, 157, 'rpm-5aa973bc995e8', 0, 0, 0, 0, 0, '2018-03-14 12:10:57', 0),
(136, 158, 'rpm-5aa973d8cc971', 0, 0, 0, 0, 0, '2018-03-14 12:11:24', 0),
(137, 159, 'rpm-5aa9744d2fee2', 0, 0, 0, 0, 0, '2018-03-14 12:13:20', 0),
(138, 160, 'rpm-5aaa67ae818e7', 0, 0, 0, 0, 0, '2018-03-15 05:36:21', 0),
(139, 163, 'rpm-5aabdf093f77d', 0, 0, 0, 0, 0, '2018-03-16 08:13:24', 0),
(140, 165, 'rpm-5aba4ce8b703d', 0, 0, 0, 0, 0, '2018-03-27 06:53:57', 0),
(141, 166, 'rpm-5aba4d2044f10', 0, 0, 0, 0, 0, '2018-03-27 06:54:42', 0),
(142, 167, 'rpm-5aba4d35d4b9f', 0, 0, 0, 0, 0, '2018-03-27 06:55:03', 0),
(143, 168, 'rpm-5aba4d6e41cd7', 0, 0, 0, 0, 0, '2018-03-27 06:56:00', 0),
(144, 169, 'rpm-5aba4e5b027e8', 0, 0, 0, 0, 0, '2018-03-27 07:00:01', 0),
(145, 170, 'rpm-5aba4f875677c', 0, 0, 0, 0, 0, '2018-03-27 07:04:57', 0),
(146, 171, 'rpm-5aba5092ab70a', 0, 0, 0, 0, 0, '2018-03-27 07:09:25', 0),
(147, 172, 'rpm-5abb2a1ae1ab0', 0, 0, 0, 0, 0, '2018-03-27 22:37:33', 0),
(148, 173, 'rpm-5abb2b8158d1b', 0, 0, 0, 0, 0, '2018-03-27 22:43:31', 0),
(149, 174, 'rpm-5abb2e3f55e9b', 0, 0, 0, 0, 0, '2018-03-27 23:09:36', 0),
(150, 175, 'rpm-5abb3716a8fcb', 0, 0, 0, 0, 0, '2018-03-27 23:32:57', 0),
(151, 176, 'rpm-5abb397c36412', 0, 0, 0, 0, 0, '2018-03-27 23:43:12', 0),
(152, 177, 'rpm-5abb3a2c3b692', 0, 0, 0, 0, 0, '2018-03-27 23:46:06', 0),
(153, 178, 'rpm-5abb3b35d4e16', 0, 0, 0, 0, 0, '2018-03-27 23:50:31', 0),
(154, 179, 'rpm-5abb3fd728f19', 0, 0, 0, 0, 0, '2018-03-28 00:10:17', 0),
(155, 180, 'rpm-5abb4595a6392', 0, 0, 0, 0, 0, '2018-03-28 00:34:47', 0),
(156, 181, 'rpm-5abb466851ba9', 0, 0, 0, 0, 0, '2018-03-28 00:38:18', 0),
(157, 182, 'rpm-5abb7ede0c28f', 0, 0, 0, 0, 0, '2018-03-28 04:39:15', 0),
(158, 183, 'rpm-5abb7f9d7977f', 0, 0, 0, 0, 0, '2018-03-28 04:42:23', 0),
(159, 184, 'rpm-5abb9fff7e393', 0, 0, 0, 0, 0, '2018-03-28 07:00:33', 0),
(160, 185, 'rpm-5abba6db5b579', 0, 0, 0, 0, 0, '2018-03-28 07:29:50', 0),
(161, 186, 'rpm-5abbaa738e960', 0, 0, 0, 0, 0, '2018-03-28 07:45:09', 0),
(162, 187, 'rpm-5abc9e3e49f99', 0, 0, 0, 0, 0, '2018-03-29 01:05:20', 0),
(163, 188, 'rpm-5abc9f591db80', 0, 0, 0, 0, 0, '2018-03-29 01:10:04', 0),
(164, 189, 'rpm-5abca6a89c334', 0, 0, 0, 0, 0, '2018-03-29 01:41:14', 0),
(165, 190, 'rpm-5abca885a92f3', 0, 0, 0, 0, 0, '2018-03-29 01:49:11', 0),
(166, 191, 'rpm-5abca97279890', 0, 0, 0, 0, 0, '2018-03-29 01:53:07', 0),
(167, 192, 'rpm-5abca9efa2fa1', 0, 0, 0, 0, 0, '2018-03-29 01:55:13', 0),
(168, 193, 'rpm-5abcab0155015', 0, 0, 0, 0, 0, '2018-03-29 01:59:46', 0),
(169, 194, 'rpm-5abcb518b159c', 0, 0, 0, 0, 0, '2018-03-29 02:42:50', 0),
(170, 195, 'rpm-5abcc2b2b35fe', 0, 0, 0, 0, 0, '2018-03-29 03:40:52', 0),
(171, 196, 'rpm-5abce9d1052e4', 0, 0, 0, 0, 0, '2018-03-29 06:27:47', 0),
(172, 197, 'rpm-5abceb849f27d', 0, 0, 0, 0, 0, '2018-03-29 06:35:06', 0),
(173, 198, 'rpm-5abd026d0f1ef', 0, 0, 0, 0, 0, '2018-03-29 08:12:47', 0),
(174, 199, 'rpm-5abd036fbd9e2', 0, 0, 0, 0, 0, '2018-03-29 08:17:08', 0),
(175, 200, 'rpm-5abd03cf15849', 0, 0, 0, 0, 0, '2018-03-29 08:18:41', 0),
(176, 201, 'rpm-5abd043b2c2ff', 0, 0, 0, 0, 0, '2018-03-29 08:20:29', 0),
(177, 202, 'rpm-5abd04f59a92f', 0, 0, 0, 0, 0, '2018-03-29 08:23:35', 0),
(178, 203, 'rpm-5abdbcfe09010', 0, 0, 0, 0, 0, '2018-03-29 21:28:49', 0),
(179, 204, 'rpm-5abe1aa63278e', 0, 0, 0, 0, 0, '2018-03-30 04:08:24', 0),
(180, 205, 'rpm-5abe284a34b00', 0, 0, 0, 0, 0, '2018-03-30 05:06:36', 0),
(181, 206, 'rpm-5abe2b8c6735a', 0, 0, 0, 0, 0, '2018-03-30 05:20:30', 0),
(182, 207, 'rpm-5abe34078f0e2', 0, 0, 0, 0, 0, '2018-03-30 05:56:42', 0),
(183, 208, 'rpm-5abe34244e33a', 0, 0, 0, 0, 0, '2018-03-30 05:57:10', 0),
(184, 209, 'rpm-5abe34409a056', 0, 0, 0, 0, 0, '2018-03-30 05:57:39', 0),
(185, 210, 'rpm-5abe355400aca', 0, 0, 0, 0, 0, '2018-03-30 06:02:13', 0),
(186, 211, 'rpm-5abf138ac4801', 0, 0, 0, 0, 0, '2018-03-30 21:50:20', 0),
(187, 212, 'rpm-5abf215218988', 0, 0, 0, 0, 0, '2018-03-30 22:49:08', 0),
(188, 213, 'rpm-5abf21e422e0f', 0, 0, 0, 0, 0, '2018-03-30 22:51:33', 0),
(189, 214, 'rpm-5abf22436248b', 0, 0, 0, 0, 0, '2018-03-30 22:53:12', 0),
(190, 215, 'rpm-5abf2334411fa', 0, 0, 0, 0, 0, '2018-03-30 22:57:13', 0),
(191, 216, 'rpm-5abf23bfd2b0f', 0, 0, 0, 0, 0, '2018-03-30 22:59:29', 0),
(192, 217, 'rpm-5abf2a8fdaff6', 0, 0, 0, 0, 0, '2018-03-30 23:28:34', 0);

/*!40101 SET CHARACTER_SET_CLIENT=@OLD_CHARACTER_SET_CLIENT */;
/*!40101 SET CHARACTER_SET_RESULTS=@OLD_CHARACTER_SET_RESULTS */;
/*!40101 SET COLLATION_CONNECTION=@OLD_COLLATION_CONNECTION */;
