-- phpMyAdmin SQL Dump
-- version 4.0.10.18
-- https://www.phpmyadmin.net
--
-- Host: localhost:3306
-- Generation Time: Apr 08, 2018 at 02:52 AM
-- Server version: 5.6.39-cll-lve
-- PHP Version: 5.6.30

SET SQL_MODE = "NO_AUTO_VALUE_ON_ZERO";
SET time_zone = "+00:00";


/*!40101 SET @OLD_CHARACTER_SET_CLIENT=@@CHARACTER_SET_CLIENT */;
/*!40101 SET @OLD_CHARACTER_SET_RESULTS=@@CHARACTER_SET_RESULTS */;
/*!40101 SET @OLD_COLLATION_CONNECTION=@@COLLATION_CONNECTION */;
/*!40101 SET NAMES utf8 */;

--
-- Database: `mobilehelthunit`
--

-- --------------------------------------------------------

--
-- Table structure for table `Area_Master`
--

CREATE TABLE IF NOT EXISTS `Area_Master` (
  `id` int(11) NOT NULL AUTO_INCREMENT,
  `name` text NOT NULL,
  `city_id` int(11) NOT NULL,
  PRIMARY KEY (`id`)
) ENGINE=MyISAM  DEFAULT CHARSET=latin1 AUTO_INCREMENT=2 ;

--
-- Dumping data for table `Area_Master`
--

INSERT INTO `Area_Master` (`id`, `name`, `city_id`) VALUES
(1, 'Khora', 1);

-- --------------------------------------------------------

--
-- Table structure for table `City_Master`
--

CREATE TABLE IF NOT EXISTS `City_Master` (
  `id` int(11) NOT NULL AUTO_INCREMENT,
  `name` text NOT NULL,
  `district_id` int(11) NOT NULL,
  PRIMARY KEY (`id`)
) ENGINE=MyISAM  DEFAULT CHARSET=latin1 AUTO_INCREMENT=2 ;

--
-- Dumping data for table `City_Master`
--

INSERT INTO `City_Master` (`id`, `name`, `district_id`) VALUES
(1, 'Ghaziabad', 1);

-- --------------------------------------------------------

--
-- Table structure for table `district_master`
--

CREATE TABLE IF NOT EXISTS `district_master` (
  `id` int(11) NOT NULL AUTO_INCREMENT,
  `name` text NOT NULL,
  `state_id` int(11) NOT NULL,
  PRIMARY KEY (`id`)
) ENGINE=MyISAM  DEFAULT CHARSET=latin1 AUTO_INCREMENT=3 ;

--
-- Dumping data for table `district_master`
--

INSERT INTO `district_master` (`id`, `name`, `state_id`) VALUES
(1, 'Ghaziabad', 1);

-- --------------------------------------------------------

--
-- Table structure for table `Locations_Master`
--

CREATE TABLE IF NOT EXISTS `Locations_Master` (
  `id` int(11) NOT NULL AUTO_INCREMENT,
  `name` text NOT NULL,
  `aria_id` int(11) NOT NULL,
  PRIMARY KEY (`id`)
) ENGINE=MyISAM DEFAULT CHARSET=latin1 AUTO_INCREMENT=1 ;

-- --------------------------------------------------------

--
-- Table structure for table `map_test_attribute`
--

CREATE TABLE IF NOT EXISTS `map_test_attribute` (
  `id` int(11) NOT NULL AUTO_INCREMENT,
  `attribute_name` varchar(100) NOT NULL,
  `test_master_id` int(11) NOT NULL,
  PRIMARY KEY (`id`)
) ENGINE=InnoDB  DEFAULT CHARSET=latin1 AUTO_INCREMENT=59 ;

--
-- Dumping data for table `map_test_attribute`
--

INSERT INTO `map_test_attribute` (`id`, `attribute_name`, `test_master_id`) VALUES
(1, 'CBB/ Hgm', 1),
(2, 'Hb ', 1),
(3, 'TLC', 1),
(4, 'DLC', 1),
(5, 'PCV', 1),
(6, 'RBC count ', 1),
(7, 'Platelet count', 1),
(8, 'MCV/MCH/MCHC', 1),
(9, 'ESR', 1),
(10, 'AEC', 1),
(11, 'D Bil', 2),
(12, 'ID Bil', 2),
(13, 'T - Bil', 2),
(14, 'T-Prot', 2),
(15, 'A/G Rat', 2),
(16, 'ALT', 2),
(17, 'AST', 2),
(18, 'ALP', 2),
(19, ' Comp. LFT', 2),
(20, 'GGT', 2),
(21, 'Alb', 2),
(22, 'Urea', 3),
(23, 'Creat.', 3),
(24, 'Uric Acid', 3),
(25, 'Electrolyte (Na, K. Cl)', 3),
(26, 'T Prot', 3),
(27, 'A1b', 3),
(28, 'A1b/Cr Ratio', 3),
(29, 'Micro Albumin', 3),
(30, 'Comp.KFT', 3),
(31, 'Cholesterol', 4),
(32, 'TAG', 4),
(33, 'HDL', 4),
(34, 'Complete Lipid Profile (TCHOL, TAG, HDL, LDL, VLDL)', 4),
(35, 'FBG', 5),
(36, '2 Hr', 5),
(37, 'Random', 5),
(38, 'GTT (0,1,2,3 Hrs)', 5),
(39, 'HbA1c', 5),
(40, 'Urinary Micro Albumin', 5),
(41, 'Insulin F/PP', 5),
(42, 'WIDAL', 6),
(43, 'TYPHIDOT', 7),
(44, 'Malaria Serology', 8),
(45, 'RA Factor', 9),
(46, 'HBSAG (Hepatitis B AG)', 10),
(47, 'Routine & Microsocopic', 11),
(48, 'Protein', 11),
(49, 'Sugar', 11),
(50, 'Ketone Bodies', 11),
(51, 'Bile salt/ bile Pigments', 11),
(52, 'Urine Pregnancy Test', 11),
(53, 'CRP', 12),
(54, 'Anti HCV', 13),
(55, 'HIV', 14),
(56, 'VDRL', 15),
(57, 'GCT', 16),
(58, 'ABO RH (Blood Group)', 17);

-- --------------------------------------------------------

--
-- Table structure for table `map_test_attribute_values`
--

CREATE TABLE IF NOT EXISTS `map_test_attribute_values` (
  `id` int(11) NOT NULL AUTO_INCREMENT,
  `test_master_id` int(11) NOT NULL,
  `map_test_attribute_id` int(11) NOT NULL,
  `reference_value` varchar(50) DEFAULT NULL,
  `reading` varchar(50) DEFAULT NULL,
  `patient_id` int(11) NOT NULL,
  `registeration_id` int(11) NOT NULL,
  `visit_master_id` int(11) DEFAULT NULL,
  PRIMARY KEY (`id`)
) ENGINE=InnoDB  DEFAULT CHARSET=latin1 AUTO_INCREMENT=2059 ;

--
-- Dumping data for table `map_test_attribute_values`
--

INSERT INTO `map_test_attribute_values` (`id`, `test_master_id`, `map_test_attribute_id`, `reference_value`, `reading`, `patient_id`, `registeration_id`, `visit_master_id`) VALUES
(1, 1, 1, 'abc', '123', 0, 0, NULL),
(2, 1, 2, 'Hb ', '1', 0, 0, NULL),
(3, 2, 11, 'abc', '123', 0, 0, NULL),
(4, 2, 12, 'Hb ', '1', 0, 0, NULL),
(5, 1, 1, 'abc', '123', 1, 2, NULL),
(6, 1, 2, 'Hb ', '1', 1, 2, NULL),
(7, 2, 11, 'abc', '123', 1, 2, NULL),
(8, 2, 12, 'Hb ', '1', 1, 2, NULL),
(9, 1, 1, 'abc', '123', 1, 2, NULL),
(10, 1, 2, 'Hb ', '1', 1, 2, NULL),
(11, 2, 11, 'abc', '123', 1, 2, NULL),
(12, 2, 12, 'Hb ', '1', 1, 2, NULL),
(13, 1, 1, 'abc', '123', 1, 2, NULL),
(14, 1, 2, 'Hb ', '1', 1, 2, NULL),
(15, 2, 11, 'abc', '123', 1, 2, NULL),
(16, 2, 12, 'Hb ', '1', 1, 2, NULL),
(17, 1, 1, 'abc', '123', 1, 2, NULL),
(18, 1, 2, 'Hb ', '1', 1, 2, NULL),
(19, 2, 11, 'abc', '123', 1, 2, NULL),
(20, 2, 12, 'Hb ', '1', 1, 2, NULL),
(21, 1, 22, 'gsbdbx', 'zhxbxb', 259, 0, NULL),
(22, 1, 23, 'bsbxbbx', 'bdbdn', 259, 0, NULL),
(23, 1, 24, 'bsbzb', 'hdbxb', 259, 0, NULL),
(24, 1, 25, 'gsbdb', 'shbdb', 259, 0, NULL),
(25, 1, 26, '', '', 259, 0, NULL),
(26, 1, 22, 'gsbdbx', 'zhxbxb', 259, 0, NULL),
(27, 1, 23, 'bsbxbbx', 'bdbdn', 259, 0, NULL),
(28, 1, 24, 'bsbzb', 'hdbxb', 259, 0, NULL),
(29, 1, 25, 'gsbdb', 'shbdb', 259, 0, NULL),
(30, 1, 26, '', '', 259, 0, NULL),
(31, 1, 22, 'gsbdbx', 'zhxbxb', 259, 0, NULL),
(32, 1, 23, 'bsbxbbx', 'bdbdn', 259, 0, NULL),
(33, 1, 24, 'bsbzb', 'hdbxb', 259, 0, NULL),
(34, 1, 25, 'gsbdb', 'shbdb', 259, 0, NULL),
(35, 1, 26, '', '', 259, 0, NULL),
(36, 1, 1, 'bzbx', 'hd hdhg', 240, 0, NULL),
(37, 1, 2, 'ag bdbd', 'hd hd h', 240, 0, NULL),
(38, 1, 3, 'gdgd', 'hddbx', 240, 0, NULL),
(39, 1, 4, 'gs hd', 'dhdh', 240, 0, NULL),
(40, 1, 5, 'hdhd', 'xhhx', 240, 0, NULL),
(41, 1, 6, 'dd hd', 'xhbx', 240, 0, NULL),
(42, 1, 7, 'gxhdh', 'hdhd', 240, 0, NULL),
(43, 1, 8, 'dhhd', 'xhhx', 240, 0, NULL),
(44, 1, 9, '', '', 240, 0, NULL),
(45, 1, 10, '', '', 240, 0, NULL),
(46, 1, 11, 'dgdg', 'jdxh', 240, 0, NULL),
(47, 1, 12, 'TS yd', 'dgdhh', 240, 0, NULL),
(48, 1, 13, '', '', 240, 0, NULL),
(49, 1, 14, '', '', 240, 0, NULL),
(50, 1, 15, '', '', 240, 0, NULL),
(51, 1, 16, '', '', 240, 0, NULL),
(52, 1, 17, '', '', 240, 0, NULL),
(53, 1, 18, '', '', 240, 0, NULL),
(54, 1, 19, '', '', 240, 0, NULL),
(55, 1, 20, '', '', 240, 0, NULL),
(56, 1, 21, '', '', 240, 0, NULL),
(57, 1, 53, 'gshd', 'dhhd', 240, 0, NULL),
(58, 1, 1, 'y ye', 'ye Ur', 240, 0, NULL),
(59, 1, 2, 'ey he', 'he h tu', 240, 0, NULL),
(60, 1, 3, 'gbdv', 'vzbxxb', 240, 0, NULL),
(61, 1, 4, 'tsysy', 'dgdh', 240, 0, NULL),
(62, 1, 5, 'gsdh', 'hdbd', 240, 0, NULL),
(63, 1, 6, '', '', 240, 0, NULL),
(64, 1, 7, '', '', 240, 0, NULL),
(65, 1, 8, '', '', 240, 0, NULL),
(66, 1, 9, '', '', 240, 0, NULL),
(67, 1, 10, '', '', 240, 0, NULL),
(68, 1, 11, 'wgsh', 'hsbd', 240, 0, NULL),
(69, 1, 12, 'sgsb', 'zbxb', 240, 0, NULL),
(70, 1, 13, '', '', 240, 0, NULL),
(71, 1, 14, 'te gdv', 'xbbxn dd hd', 240, 0, NULL),
(72, 1, 15, '', '', 240, 0, NULL),
(73, 1, 16, '', '', 240, 0, NULL),
(74, 1, 17, '', '', 240, 0, NULL),
(75, 1, 18, '', '', 240, 0, NULL),
(76, 1, 19, 'ysgs', 'shhs', 240, 0, NULL),
(77, 1, 20, '', '', 240, 0, NULL),
(78, 1, 21, '', '', 240, 0, NULL),
(79, 1, 22, 'gssh', 'hdhd', 240, 0, NULL),
(80, 1, 23, 'sghs', 'dhdbsh', 240, 0, NULL),
(81, 1, 24, '', '', 240, 0, NULL),
(82, 1, 25, '', '', 240, 0, NULL),
(83, 1, 26, '', '', 240, 0, NULL),
(84, 1, 27, '', '', 240, 0, NULL),
(85, 1, 28, '', '', 240, 0, NULL),
(86, 1, 29, '', '', 240, 0, NULL),
(87, 1, 30, '', 'shhs', 240, 0, NULL),
(88, 1, 31, 'yssu', 'shdh', 240, 0, NULL),
(89, 1, 32, 'sghs', 'dhdh', 240, 0, NULL),
(90, 1, 33, '', '', 240, 0, NULL),
(91, 1, 35, 'hshs', 'sysh', 240, 0, NULL),
(92, 1, 36, '', '', 240, 0, NULL),
(93, 1, 37, 'd hd', 'hshd', 240, 0, NULL),
(94, 1, 38, '', '', 240, 0, NULL),
(95, 1, 39, 'fgd', 'xhbxysy', 240, 0, NULL),
(96, 1, 40, '', '', 240, 0, NULL),
(97, 1, 41, '', '', 240, 0, NULL),
(98, 1, 42, 'yshs', 'shhs', 240, 0, NULL),
(99, 1, 43, 'sgsh', 'dhhd', 240, 0, NULL),
(100, 1, 44, 'ysys', 'shdh', 240, 0, NULL),
(101, 1, 45, 'hshs', 'hdhx', 240, 0, NULL),
(102, 1, 46, 'nshs', 'hd bdb', 240, 0, NULL),
(103, 1, 47, 'hssh', 'sndbx', 240, 0, NULL),
(104, 1, 48, 'hshd', 'djjd', 240, 0, NULL),
(105, 1, 49, '', '', 240, 0, NULL),
(106, 1, 50, '', '', 240, 0, NULL),
(107, 1, 51, '', '', 240, 0, NULL),
(108, 1, 52, 'shhs', 'hdhdh', 240, 0, NULL),
(109, 1, 53, 'shhs', 'dhdb', 240, 0, NULL),
(110, 1, 54, '', 'duhd', 240, 0, NULL),
(111, 1, 55, 'hsgs', 'hdhd', 240, 0, NULL),
(112, 1, 56, 'hshs', 'xhhx', 240, 0, NULL),
(113, 1, 57, 'gshd', 'hdhx', 240, 0, NULL),
(114, 1, 58, 'hdhd', 'hd hd', 240, 0, NULL),
(115, 1, 1, 'y ye', 'ye Ur', 240, 0, NULL),
(116, 1, 2, 'ey he', 'he h tu', 240, 0, NULL),
(117, 1, 3, 'gbdv', 'vzbxxb', 240, 0, NULL),
(118, 1, 4, 'tsysy', 'dgdh', 240, 0, NULL),
(119, 1, 5, 'gsdh', 'hdbd', 240, 0, NULL),
(120, 1, 6, '', '', 240, 0, NULL),
(121, 1, 7, '', '', 240, 0, NULL),
(122, 1, 8, '', '', 240, 0, NULL),
(123, 1, 9, '', '', 240, 0, NULL),
(124, 1, 10, '', '', 240, 0, NULL),
(125, 1, 11, 'wgsh', 'hsbd', 240, 0, NULL),
(126, 1, 12, 'sgsb', 'zbxb', 240, 0, NULL),
(127, 1, 13, '', '', 240, 0, NULL),
(128, 1, 14, 'te gdv', 'xbbxn dd hd', 240, 0, NULL),
(129, 1, 15, '', '', 240, 0, NULL),
(130, 1, 16, '', '', 240, 0, NULL),
(131, 1, 17, '', '', 240, 0, NULL),
(132, 1, 18, '', '', 240, 0, NULL),
(133, 1, 19, 'ysgs', 'shhs', 240, 0, NULL),
(134, 1, 20, '', '', 240, 0, NULL),
(135, 1, 21, '', '', 240, 0, NULL),
(136, 1, 22, 'gssh', 'hdhd', 240, 0, NULL),
(137, 1, 23, 'sghs', 'dhdbsh', 240, 0, NULL),
(138, 1, 24, '', '', 240, 0, NULL),
(139, 1, 25, '', '', 240, 0, NULL),
(140, 1, 26, '', '', 240, 0, NULL),
(141, 1, 27, '', '', 240, 0, NULL),
(142, 1, 28, '', '', 240, 0, NULL),
(143, 1, 29, '', '', 240, 0, NULL),
(144, 1, 30, '', 'shhs', 240, 0, NULL),
(145, 1, 31, 'yssu', 'shdh', 240, 0, NULL),
(146, 1, 32, 'sghs', 'dhdh', 240, 0, NULL),
(147, 1, 33, '', '', 240, 0, NULL),
(148, 1, 35, 'hshs', 'sysh', 240, 0, NULL),
(149, 1, 36, '', '', 240, 0, NULL),
(150, 1, 37, 'd hd', 'hshd', 240, 0, NULL),
(151, 1, 38, '', '', 240, 0, NULL),
(152, 1, 39, 'fgd', 'xhbxysy', 240, 0, NULL),
(153, 1, 40, '', '', 240, 0, NULL),
(154, 1, 41, '', '', 240, 0, NULL),
(155, 1, 42, 'yshs', 'shhs', 240, 0, NULL),
(156, 1, 43, 'sgsh', 'dhhd', 240, 0, NULL),
(157, 1, 44, 'ysys', 'shdh', 240, 0, NULL),
(158, 1, 45, 'hshs', 'hdhx', 240, 0, NULL),
(159, 1, 46, 'nshs', 'hd bdb', 240, 0, NULL),
(160, 1, 47, 'hssh', 'sndbx', 240, 0, NULL),
(161, 1, 48, 'hshd', 'djjd', 240, 0, NULL),
(162, 1, 49, '', '', 240, 0, NULL),
(163, 1, 50, '', '', 240, 0, NULL),
(164, 1, 51, '', '', 240, 0, NULL),
(165, 1, 52, 'shhs', 'hdhdh', 240, 0, NULL),
(166, 1, 53, 'shhs', 'dhdb', 240, 0, NULL),
(167, 1, 54, '', 'duhd', 240, 0, NULL),
(168, 1, 55, 'hsgs', 'hdhd', 240, 0, NULL),
(169, 1, 56, 'hshs', 'xhhx', 240, 0, NULL),
(170, 1, 57, 'gshd', 'hdhx', 240, 0, NULL),
(171, 1, 58, 'hdhd', 'hd hdwe', 240, 0, NULL),
(172, 1, 1, 'y ye', 'ye Ur', 240, 0, NULL),
(173, 1, 2, 'ey he', 'he h tu', 240, 0, NULL),
(174, 1, 3, 'gbdv', 'vzbxxb', 240, 0, NULL),
(175, 1, 4, 'tsysy', 'dgdh', 240, 0, NULL),
(176, 1, 5, 'gsdh', 'hdbd', 240, 0, NULL),
(177, 1, 6, '', '', 240, 0, NULL),
(178, 1, 7, '', '', 240, 0, NULL),
(179, 1, 8, '', '', 240, 0, NULL),
(180, 1, 9, '', '', 240, 0, NULL),
(181, 1, 10, '', '', 240, 0, NULL),
(182, 1, 11, 'wgsh', 'hsbd', 240, 0, NULL),
(183, 1, 12, 'sgsb', 'zbxb', 240, 0, NULL),
(184, 1, 13, '', '', 240, 0, NULL),
(185, 1, 14, 'te gdv', 'xbbxn dd hd', 240, 0, NULL),
(186, 1, 15, '', '', 240, 0, NULL),
(187, 1, 16, '', '', 240, 0, NULL),
(188, 1, 17, '', '', 240, 0, NULL),
(189, 1, 18, '', '', 240, 0, NULL),
(190, 1, 19, 'ysgs', 'shhs', 240, 0, NULL),
(191, 1, 20, '', '', 240, 0, NULL),
(192, 1, 21, '', '', 240, 0, NULL),
(193, 1, 22, 'gssh', 'hdhd', 240, 0, NULL),
(194, 1, 23, 'sghs', 'dhdbsh', 240, 0, NULL),
(195, 1, 24, '', '', 240, 0, NULL),
(196, 1, 25, '', '', 240, 0, NULL),
(197, 1, 26, '', '', 240, 0, NULL),
(198, 1, 27, '', '', 240, 0, NULL),
(199, 1, 28, '', '', 240, 0, NULL),
(200, 1, 29, '', '', 240, 0, NULL),
(201, 1, 30, '', 'shhs', 240, 0, NULL),
(202, 1, 31, 'yssu', 'shdh', 240, 0, NULL),
(203, 1, 32, 'sghs', 'dhdh', 240, 0, NULL),
(204, 1, 33, '', '', 240, 0, NULL),
(205, 1, 35, 'hshs', 'sysh', 240, 0, NULL),
(206, 1, 36, '', '', 240, 0, NULL),
(207, 1, 37, 'd hd', 'hshd', 240, 0, NULL),
(208, 1, 38, '', '', 240, 0, NULL),
(209, 1, 39, 'fgd', 'xhbxysy', 240, 0, NULL),
(210, 1, 40, '', '', 240, 0, NULL),
(211, 1, 41, '', '', 240, 0, NULL),
(212, 1, 42, 'yshs', 'shhs', 240, 0, NULL),
(213, 1, 43, 'sgsh', 'dhhd', 240, 0, NULL),
(214, 1, 44, 'ysys', 'shdh', 240, 0, NULL),
(215, 1, 1, 'y ye', 'ye Ur', 240, 0, NULL),
(216, 1, 2, 'ey he', 'he h tu', 240, 0, NULL),
(217, 1, 3, 'gbdv', 'vzbxxb', 240, 0, NULL),
(218, 1, 4, 'tsysy', 'dgdh', 240, 0, NULL),
(219, 1, 5, 'gsdh', 'hdbd', 240, 0, NULL),
(220, 1, 6, '', '', 240, 0, NULL),
(221, 1, 7, '', '', 240, 0, NULL),
(222, 1, 8, '', '', 240, 0, NULL),
(223, 1, 9, '', '', 240, 0, NULL),
(224, 1, 10, '', '', 240, 0, NULL),
(225, 1, 11, 'wgsh', 'hsbd', 240, 0, NULL),
(226, 1, 12, 'sgsb', 'zbxb', 240, 0, NULL),
(227, 1, 13, '', '', 240, 0, NULL),
(228, 1, 14, 'te gdv', 'xbbxn dd hd', 240, 0, NULL),
(229, 1, 15, '', '', 240, 0, NULL),
(230, 1, 16, '', '', 240, 0, NULL),
(231, 1, 17, '', '', 240, 0, NULL),
(232, 1, 18, '', '', 240, 0, NULL),
(233, 1, 19, 'ysgs', 'shhs', 240, 0, NULL),
(234, 1, 20, '', '', 240, 0, NULL),
(235, 1, 21, '', '', 240, 0, NULL),
(236, 1, 22, 'gssh', 'hdhd', 240, 0, NULL),
(237, 1, 23, 'sghs', 'dhdbsh', 240, 0, NULL),
(238, 1, 24, '', '', 240, 0, NULL),
(239, 1, 25, '', '', 240, 0, NULL),
(240, 1, 26, '', '', 240, 0, NULL),
(241, 1, 27, '', '', 240, 0, NULL),
(242, 1, 28, '', '', 240, 0, NULL),
(243, 1, 29, '', '', 240, 0, NULL),
(244, 1, 30, '', 'shhs', 240, 0, NULL),
(245, 1, 31, 'yssu', 'shdh', 240, 0, NULL),
(246, 1, 32, 'sghs', 'dhdh', 240, 0, NULL),
(247, 1, 33, '', '', 240, 0, NULL),
(248, 1, 35, 'hshs', 'sysh', 240, 0, NULL),
(249, 1, 36, '', '', 240, 0, NULL),
(250, 1, 37, 'd hd', 'hshd', 240, 0, NULL),
(251, 1, 38, '', '', 240, 0, NULL),
(252, 1, 39, 'fgd', 'xhbxysy', 240, 0, NULL),
(253, 1, 40, '', '', 240, 0, NULL),
(254, 1, 41, '', '', 240, 0, NULL),
(255, 1, 42, 'yshs', 'shhs', 240, 0, NULL),
(256, 1, 43, 'sgsh', 'dhhd', 240, 0, NULL),
(257, 1, 44, 'ysys', 'shdh', 240, 0, NULL),
(258, 1, 45, 'hshs', 'hdhx', 240, 0, NULL),
(259, 1, 46, 'nshs', 'hd bdb', 240, 0, NULL),
(260, 1, 47, 'hssh', 'sndbx', 240, 0, NULL),
(261, 1, 48, 'hshd', 'djjd', 240, 0, NULL),
(262, 1, 49, '', '', 240, 0, NULL),
(263, 1, 50, '', '', 240, 0, NULL),
(264, 1, 51, '', '', 240, 0, NULL),
(265, 1, 52, 'shhs', 'hdhdh', 240, 0, NULL),
(266, 1, 53, 'shhs', 'dhdb', 240, 0, NULL),
(267, 1, 54, '', 'duhd', 240, 0, NULL),
(268, 1, 55, 'hsgs', 'hdhd', 240, 0, NULL),
(269, 1, 56, 'hshs', 'xhhx', 240, 0, NULL),
(270, 1, 57, 'gshd', 'hdhx', 240, 0, NULL),
(271, 1, 58, 'hdhd', 'hd hdwe', 240, 0, NULL),
(272, 1, 1, 'y ye', 'ye Ur', 240, 0, NULL),
(273, 1, 2, 'ey he', 'he h tu', 240, 0, NULL),
(274, 1, 3, 'gbdv', 'vzbxxb', 240, 0, NULL),
(275, 1, 4, 'tsysy', 'dgdh', 240, 0, NULL),
(276, 1, 5, 'gsdh', 'hdbd', 240, 0, NULL),
(277, 1, 6, '', '', 240, 0, NULL),
(278, 1, 7, '', '', 240, 0, NULL),
(279, 1, 8, '', '', 240, 0, NULL),
(280, 1, 9, '', '', 240, 0, NULL),
(281, 1, 10, '', '', 240, 0, NULL),
(282, 1, 11, 'wgsh', 'hsbd', 240, 0, NULL),
(283, 1, 12, 'sgsb', 'zbxb', 240, 0, NULL),
(284, 1, 13, '', '', 240, 0, NULL),
(285, 1, 14, 'te gdv', 'xbbxn dd hd', 240, 0, NULL),
(286, 1, 15, '', '', 240, 0, NULL),
(287, 1, 16, '', '', 240, 0, NULL),
(288, 1, 17, '', '', 240, 0, NULL),
(289, 1, 18, '', '', 240, 0, NULL),
(290, 1, 19, 'ysgs', 'shhs', 240, 0, NULL),
(291, 1, 20, '', '', 240, 0, NULL),
(292, 1, 21, '', '', 240, 0, NULL),
(293, 1, 22, 'gssh', 'hdhd', 240, 0, NULL),
(294, 1, 23, 'sghs', 'dhdbsh', 240, 0, NULL),
(295, 1, 24, '', '', 240, 0, NULL),
(296, 1, 25, '', '', 240, 0, NULL),
(297, 1, 26, '', '', 240, 0, NULL),
(298, 1, 27, '', '', 240, 0, NULL),
(299, 1, 28, '', '', 240, 0, NULL),
(300, 1, 29, '', '', 240, 0, NULL),
(301, 1, 30, '', 'shhs', 240, 0, NULL),
(302, 1, 31, 'yssu', 'shdh', 240, 0, NULL),
(303, 1, 32, 'sghs', 'dhdh', 240, 0, NULL),
(304, 1, 33, '', '', 240, 0, NULL),
(305, 1, 35, 'hshs', 'sysh', 240, 0, NULL),
(306, 1, 36, '', '', 240, 0, NULL),
(307, 1, 37, 'd hd', 'hshd', 240, 0, NULL),
(308, 1, 38, '', '', 240, 0, NULL),
(309, 1, 39, 'fgd', 'xhbxysy', 240, 0, NULL),
(310, 1, 40, '', '', 240, 0, NULL),
(311, 1, 41, '', '', 240, 0, NULL),
(312, 1, 42, 'yshs', 'shhs', 240, 0, NULL),
(313, 1, 43, 'sgsh', 'dhhd', 240, 0, NULL),
(314, 1, 44, 'ysys', 'shdh', 240, 0, NULL),
(315, 1, 45, 'hshs', 'hdhx', 240, 0, NULL),
(316, 1, 46, 'nshs', 'hd bdb', 240, 0, NULL),
(317, 1, 47, 'hssh', 'sndbx', 240, 0, NULL),
(318, 1, 48, 'hshd', 'djjd', 240, 0, NULL),
(319, 1, 49, '', '', 240, 0, NULL),
(320, 1, 50, '', '', 240, 0, NULL),
(321, 1, 51, '', '', 240, 0, NULL),
(322, 1, 52, 'shhs', 'hdhdh', 240, 0, NULL),
(323, 1, 53, 'shhs', 'dhdb', 240, 0, NULL),
(324, 1, 54, '', 'duhd', 240, 0, NULL),
(325, 1, 55, 'hsgs', 'hdhd', 240, 0, NULL),
(326, 1, 56, 'hshs', 'xhhx', 240, 0, NULL),
(327, 1, 57, 'gshd', 'hdhx', 240, 0, NULL),
(328, 1, 58, 'hdhd', 'hd hdwe', 240, 0, NULL),
(329, 1, 1, 'y ye', 'ye Ur', 240, 0, NULL),
(330, 1, 2, 'ey he', 'he h tu', 240, 0, NULL),
(331, 1, 3, 'gbdv', 'vzbxxb', 240, 0, NULL),
(332, 1, 4, 'tsysy', 'dgdh', 240, 0, NULL),
(333, 1, 5, 'gsdh', 'hdbd', 240, 0, NULL),
(334, 1, 6, '', '', 240, 0, NULL),
(335, 1, 7, '', '', 240, 0, NULL),
(336, 1, 8, '', '', 240, 0, NULL),
(337, 1, 9, '', '', 240, 0, NULL),
(338, 1, 10, '', '', 240, 0, NULL),
(339, 1, 11, 'wgsh', 'hsbd', 240, 0, NULL),
(340, 1, 12, 'sgsb', 'zbxb', 240, 0, NULL),
(341, 1, 13, '', '', 240, 0, NULL),
(342, 1, 14, 'te gdv', 'xbbxn dd hd', 240, 0, NULL),
(343, 1, 15, '', '', 240, 0, NULL),
(344, 1, 16, '', '', 240, 0, NULL),
(345, 1, 17, '', '', 240, 0, NULL),
(346, 1, 18, '', '', 240, 0, NULL),
(347, 1, 19, 'ysgs', 'shhs', 240, 0, NULL),
(348, 1, 20, '', '', 240, 0, NULL),
(349, 1, 21, '', '', 240, 0, NULL),
(350, 1, 22, 'gssh', 'hdhd', 240, 0, NULL),
(351, 1, 23, 'sghs', 'dhdbsh', 240, 0, NULL),
(352, 1, 24, '', '', 240, 0, NULL),
(353, 1, 25, '', '', 240, 0, NULL),
(354, 1, 26, '', '', 240, 0, NULL),
(355, 1, 27, '', '', 240, 0, NULL),
(356, 1, 28, '', '', 240, 0, NULL),
(357, 1, 29, '', '', 240, 0, NULL),
(358, 1, 30, '', 'shhs', 240, 0, NULL),
(359, 1, 31, 'yssu', 'shdh', 240, 0, NULL),
(360, 1, 32, 'sghs', 'dhdh', 240, 0, NULL),
(361, 1, 33, '', '', 240, 0, NULL),
(362, 1, 35, 'hshs', 'sysh', 240, 0, NULL),
(363, 1, 36, '', '', 240, 0, NULL),
(364, 1, 37, 'd hd', 'hshd', 240, 0, NULL),
(365, 1, 38, '', '', 240, 0, NULL),
(366, 1, 39, 'fgd', 'xhbxysy', 240, 0, NULL),
(367, 1, 40, '', '', 240, 0, NULL),
(368, 1, 41, '', '', 240, 0, NULL),
(369, 1, 42, 'yshs', 'shhs', 240, 0, NULL),
(370, 1, 43, 'sgsh', 'dhhd', 240, 0, NULL),
(371, 1, 44, 'ysys', 'shdh', 240, 0, NULL),
(372, 1, 45, 'hshs', 'hdhx', 240, 0, NULL),
(373, 1, 46, 'nshs', 'hd bdb', 240, 0, NULL),
(374, 1, 47, 'hssh', 'sndbx', 240, 0, NULL),
(375, 1, 48, 'hshd', 'djjd', 240, 0, NULL),
(376, 1, 49, '', '', 240, 0, NULL),
(377, 1, 50, '', '', 240, 0, NULL),
(378, 1, 51, '', '', 240, 0, NULL),
(379, 1, 52, 'shhs', 'hdhdh', 240, 0, NULL),
(380, 1, 53, 'shhs', 'dhdb', 240, 0, NULL),
(381, 1, 54, '', 'duhd', 240, 0, NULL),
(382, 1, 55, 'hsgs', 'hdhd', 240, 0, NULL),
(383, 1, 56, 'hshs', 'xhhx', 240, 0, NULL),
(384, 1, 57, 'gshd', 'hdhx', 240, 0, NULL),
(385, 1, 58, 'hdhd', 'hd hdwe', 240, 0, NULL),
(386, 1, 1, 'y ye', 'ye Ur', 240, 0, NULL),
(387, 1, 2, 'ey he', 'he h tu', 240, 0, NULL),
(388, 1, 3, 'gbdv', 'vzbxxb', 240, 0, NULL),
(389, 1, 4, 'tsysy', 'dgdh', 240, 0, NULL),
(390, 1, 5, 'gsdh', 'hdbd', 240, 0, NULL),
(391, 1, 6, '', '', 240, 0, NULL),
(392, 1, 7, '', '', 240, 0, NULL),
(393, 1, 8, '', '', 240, 0, NULL),
(394, 1, 9, '', '', 240, 0, NULL),
(395, 1, 10, '', '', 240, 0, NULL),
(396, 1, 11, 'wgsh', 'hsbd', 240, 0, NULL),
(397, 1, 12, 'sgsb', 'zbxb', 240, 0, NULL),
(398, 1, 13, '', '', 240, 0, NULL),
(399, 1, 14, 'te gdv', 'xbbxn dd hd', 240, 0, NULL),
(400, 1, 15, '', '', 240, 0, NULL),
(401, 1, 16, '', '', 240, 0, NULL),
(402, 1, 17, '', '', 240, 0, NULL),
(403, 1, 18, '', '', 240, 0, NULL),
(404, 1, 19, 'ysgs', 'shhs', 240, 0, NULL),
(405, 1, 20, '', '', 240, 0, NULL),
(406, 1, 21, '', '', 240, 0, NULL),
(407, 1, 22, 'gssh', 'hdhd', 240, 0, NULL),
(408, 1, 23, 'sghs', 'dhdbsh', 240, 0, NULL),
(409, 1, 24, '', '', 240, 0, NULL),
(410, 1, 25, '', '', 240, 0, NULL),
(411, 1, 26, '', '', 240, 0, NULL),
(412, 1, 27, '', '', 240, 0, NULL),
(413, 1, 28, '', '', 240, 0, NULL),
(414, 1, 29, '', '', 240, 0, NULL),
(415, 1, 45, 'hshs', 'hdhx', 240, 0, NULL),
(416, 1, 46, 'nshs', 'hd bdb', 240, 0, NULL),
(417, 1, 47, 'hssh', 'sndbx', 240, 0, NULL),
(418, 1, 48, 'hshd', 'djjd', 240, 0, NULL),
(419, 1, 49, '', '', 240, 0, NULL),
(420, 1, 50, '', '', 240, 0, NULL),
(421, 1, 51, '', '', 240, 0, NULL),
(422, 1, 52, 'shhs', 'hdhdh', 240, 0, NULL),
(423, 1, 53, 'shhs', 'dhdb', 240, 0, NULL),
(424, 1, 54, '', 'duhd', 240, 0, NULL),
(425, 1, 55, 'hsgs', 'hdhd', 240, 0, NULL),
(426, 1, 56, 'hshs', 'xhhx', 240, 0, NULL),
(427, 1, 57, 'gshd', 'hdhx', 240, 0, NULL),
(428, 1, 58, 'hdhd', 'hd hdwe', 240, 0, NULL),
(429, 1, 1, 'y ye', 'ye Ur', 240, 0, NULL),
(430, 1, 2, 'ey he', 'he h tu', 240, 0, NULL),
(431, 1, 3, 'gbdv', 'vzbxxb', 240, 0, NULL),
(432, 1, 4, 'tsysy', 'dgdh', 240, 0, NULL),
(433, 1, 5, 'gsdh', 'hdbd', 240, 0, NULL),
(434, 1, 6, '', '', 240, 0, NULL),
(435, 1, 7, '', '', 240, 0, NULL),
(436, 1, 8, '', '', 240, 0, NULL),
(437, 1, 9, '', '', 240, 0, NULL),
(438, 1, 10, '', '', 240, 0, NULL),
(439, 1, 11, 'wgsh', 'hsbd', 240, 0, NULL),
(440, 1, 12, 'sgsb', 'zbxb', 240, 0, NULL),
(441, 1, 13, '', '', 240, 0, NULL),
(442, 1, 14, 'te gdv', 'xbbxn dd hd', 240, 0, NULL),
(443, 1, 15, '', '', 240, 0, NULL),
(444, 1, 16, '', '', 240, 0, NULL),
(445, 1, 17, '', '', 240, 0, NULL),
(446, 1, 18, '', '', 240, 0, NULL),
(447, 1, 19, 'ysgs', 'shhs', 240, 0, NULL),
(448, 1, 20, '', '', 240, 0, NULL),
(449, 1, 21, '', '', 240, 0, NULL),
(450, 1, 22, 'gssh', 'hdhd', 240, 0, NULL),
(451, 1, 23, 'sghs', 'dhdbsh', 240, 0, NULL),
(452, 1, 24, '', '', 240, 0, NULL),
(453, 1, 25, '', '', 240, 0, NULL),
(454, 1, 26, '', '', 240, 0, NULL),
(455, 1, 27, '', '', 240, 0, NULL),
(456, 1, 28, '', '', 240, 0, NULL),
(457, 1, 29, '', '', 240, 0, NULL),
(458, 1, 30, '', 'shhs', 240, 0, NULL),
(459, 1, 31, 'yssu', 'shdh', 240, 0, NULL),
(460, 1, 32, 'sghs', 'dhdh', 240, 0, NULL),
(461, 1, 33, '', '', 240, 0, NULL),
(462, 1, 35, 'hshs', 'sysh', 240, 0, NULL),
(463, 1, 36, '', '', 240, 0, NULL),
(464, 1, 37, 'd hd', 'hshd', 240, 0, NULL),
(465, 1, 38, '', '', 240, 0, NULL),
(466, 1, 39, 'fgd', 'xhbxysy', 240, 0, NULL),
(467, 1, 40, '', '', 240, 0, NULL),
(468, 1, 41, '', '', 240, 0, NULL),
(469, 1, 42, 'yshs', 'shhs', 240, 0, NULL),
(470, 1, 43, 'sgsh', 'dhhd', 240, 0, NULL),
(471, 1, 44, 'ysys', 'shdh', 240, 0, NULL),
(472, 1, 45, 'hshs', 'hdhx', 240, 0, NULL),
(473, 1, 46, 'nshs', 'hd bdb', 240, 0, NULL),
(474, 1, 47, 'hssh', 'sndbx', 240, 0, NULL),
(475, 1, 48, 'hshd', 'djjd', 240, 0, NULL),
(476, 1, 49, '', '', 240, 0, NULL),
(477, 1, 50, '', '', 240, 0, NULL),
(478, 1, 51, '', '', 240, 0, NULL),
(479, 1, 52, 'shhs', 'hdhdh', 240, 0, NULL),
(480, 1, 53, 'shhs', 'dhdb', 240, 0, NULL),
(481, 1, 54, '', 'duhd', 240, 0, NULL),
(482, 1, 55, 'hsgs', 'hdhd', 240, 0, NULL),
(483, 1, 56, 'hshs', 'xhhx', 240, 0, NULL),
(484, 1, 57, 'gshd', 'hdhx', 240, 0, NULL),
(485, 1, 58, 'hdhd', 'hd hdwe', 240, 0, NULL),
(486, 1, 1, 'y ye', 'ye Ur', 240, 0, NULL),
(487, 1, 2, 'ey he', 'he h tu', 240, 0, NULL),
(488, 1, 3, 'gbdv', 'vzbxxb', 240, 0, NULL),
(489, 1, 4, 'tsysy', 'dgdh', 240, 0, NULL),
(490, 1, 5, 'gsdh', 'hdbd', 240, 0, NULL),
(491, 1, 6, '', '', 240, 0, NULL),
(492, 1, 7, '', '', 240, 0, NULL),
(493, 1, 8, '', '', 240, 0, NULL),
(494, 1, 9, '', '', 240, 0, NULL),
(495, 1, 10, '', '', 240, 0, NULL),
(496, 1, 11, 'wgsh', 'hsbd', 240, 0, NULL),
(497, 1, 12, 'sgsb', 'zbxb', 240, 0, NULL),
(498, 1, 13, '', '', 240, 0, NULL),
(499, 1, 14, 'te gdv', 'xbbxn dd hd', 240, 0, NULL),
(500, 1, 15, '', '', 240, 0, NULL),
(501, 1, 16, '', '', 240, 0, NULL),
(502, 1, 17, '', '', 240, 0, NULL),
(503, 1, 18, '', '', 240, 0, NULL),
(504, 1, 19, 'ysgs', 'shhs', 240, 0, NULL),
(505, 1, 20, '', '', 240, 0, NULL),
(506, 1, 21, '', '', 240, 0, NULL),
(507, 1, 22, 'gssh', 'hdhd', 240, 0, NULL),
(508, 1, 23, 'sghs', 'dhdbsh', 240, 0, NULL),
(509, 1, 24, '', '', 240, 0, NULL),
(510, 1, 25, '', '', 240, 0, NULL),
(511, 1, 26, '', '', 240, 0, NULL),
(512, 1, 27, '', '', 240, 0, NULL),
(513, 1, 28, '', '', 240, 0, NULL),
(514, 1, 29, '', '', 240, 0, NULL),
(515, 1, 30, '', 'shhs', 240, 0, NULL),
(516, 1, 31, 'yssu', 'shdh', 240, 0, NULL),
(517, 1, 32, 'sghs', 'dhdh', 240, 0, NULL),
(518, 1, 33, '', '', 240, 0, NULL),
(519, 1, 35, 'hshs', 'sysh', 240, 0, NULL),
(520, 1, 36, '', '', 240, 0, NULL),
(521, 1, 37, 'd hd', 'hshd', 240, 0, NULL),
(522, 1, 38, '', '', 240, 0, NULL),
(523, 1, 39, 'fgd', 'xhbxysy', 240, 0, NULL),
(524, 1, 40, '', '', 240, 0, NULL),
(525, 1, 41, '', '', 240, 0, NULL),
(526, 1, 42, 'yshs', 'shhs', 240, 0, NULL),
(527, 1, 43, 'sgsh', 'dhhd', 240, 0, NULL),
(528, 1, 44, 'ysys', 'shdh', 240, 0, NULL),
(529, 1, 45, 'hshs', 'hdhx', 240, 0, NULL),
(530, 1, 46, 'nshs', 'hd bdb', 240, 0, NULL),
(531, 1, 47, 'hssh', 'sndbx', 240, 0, NULL),
(532, 1, 48, 'hshd', 'djjd', 240, 0, NULL),
(533, 1, 49, '', '', 240, 0, NULL),
(534, 1, 50, '', '', 240, 0, NULL),
(535, 1, 51, '', '', 240, 0, NULL),
(536, 1, 52, 'shhs', 'hdhdh', 240, 0, NULL),
(537, 1, 53, 'shhs', 'dhdb', 240, 0, NULL),
(538, 1, 54, '', 'duhd', 240, 0, NULL),
(539, 1, 55, 'hsgs', 'hdhd', 240, 0, NULL),
(540, 1, 56, 'hshs', 'xhhx', 240, 0, NULL),
(541, 1, 57, 'gshd', 'hdhx', 240, 0, NULL),
(542, 1, 58, 'hdhd', 'hd hdwe', 240, 0, NULL),
(543, 1, 1, 'y ye', 'ye Ur', 240, 0, NULL),
(544, 1, 2, 'ey he', 'he h tu', 240, 0, NULL),
(545, 1, 3, 'gbdv', 'vzbxxb', 240, 0, NULL),
(546, 1, 4, 'tsysy', 'dgdh', 240, 0, NULL),
(547, 1, 5, 'gsdh', 'hdbd', 240, 0, NULL),
(548, 1, 6, '', '', 240, 0, NULL),
(549, 1, 7, '', '', 240, 0, NULL),
(550, 1, 8, '', '', 240, 0, NULL),
(551, 1, 9, '', '', 240, 0, NULL),
(552, 1, 10, '', '', 240, 0, NULL),
(553, 1, 11, 'wgsh', 'hsbd', 240, 0, NULL),
(554, 1, 12, 'sgsb', 'zbxb', 240, 0, NULL),
(555, 1, 13, '', '', 240, 0, NULL),
(556, 1, 14, 'te gdv', 'xbbxn dd hd', 240, 0, NULL),
(557, 1, 15, '', '', 240, 0, NULL),
(558, 1, 16, '', '', 240, 0, NULL),
(559, 1, 17, '', '', 240, 0, NULL),
(560, 1, 18, '', '', 240, 0, NULL),
(561, 1, 19, 'ysgs', 'shhs', 240, 0, NULL),
(562, 1, 20, '', '', 240, 0, NULL),
(563, 1, 21, '', '', 240, 0, NULL),
(564, 1, 22, 'gssh', 'hdhd', 240, 0, NULL),
(565, 1, 23, 'sghs', 'dhdbsh', 240, 0, NULL),
(566, 1, 24, '', '', 240, 0, NULL),
(567, 1, 25, '', '', 240, 0, NULL),
(568, 1, 26, '', '', 240, 0, NULL),
(569, 1, 27, '', '', 240, 0, NULL),
(570, 1, 28, '', '', 240, 0, NULL),
(571, 1, 29, '', '', 240, 0, NULL),
(572, 1, 30, '', 'shhs', 240, 0, NULL),
(573, 1, 31, 'yssu', 'shdh', 240, 0, NULL),
(574, 1, 32, 'sghs', 'dhdh', 240, 0, NULL),
(575, 1, 33, '', '', 240, 0, NULL),
(576, 1, 35, 'hshs', 'sysh', 240, 0, NULL),
(577, 1, 36, '', '', 240, 0, NULL),
(578, 1, 37, 'd hd', 'hshd', 240, 0, NULL),
(579, 1, 38, '', '', 240, 0, NULL),
(580, 1, 39, 'fgd', 'xhbxysy', 240, 0, NULL),
(581, 1, 40, '', '', 240, 0, NULL),
(582, 1, 41, '', '', 240, 0, NULL),
(583, 1, 42, 'yshs', 'shhs', 240, 0, NULL),
(584, 1, 43, 'sgsh', 'dhhd', 240, 0, NULL),
(585, 1, 44, 'ysys', 'shdh', 240, 0, NULL),
(586, 1, 45, 'hshs', 'hdhx', 240, 0, NULL),
(587, 1, 46, 'nshs', 'hd bdb', 240, 0, NULL),
(588, 1, 47, 'hssh', 'sndbx', 240, 0, NULL),
(589, 1, 48, 'hshd', 'djjd', 240, 0, NULL),
(590, 1, 49, '', '', 240, 0, NULL),
(591, 1, 50, '', '', 240, 0, NULL),
(592, 1, 51, '', '', 240, 0, NULL),
(593, 1, 52, 'shhs', 'hdhdh', 240, 0, NULL),
(594, 1, 53, 'shhs', 'dhdb', 240, 0, NULL),
(595, 1, 54, '', 'duhd', 240, 0, NULL),
(596, 1, 55, 'hsgs', 'hdhd', 240, 0, NULL),
(597, 1, 56, 'hshs', 'xhhx', 240, 0, NULL),
(598, 1, 57, 'gshd', 'hdhx', 240, 0, NULL),
(599, 1, 58, 'hdhd', 'hd hdwe', 240, 0, NULL),
(600, 1, 1, 'y ye', 'ye Ur', 240, 0, NULL),
(601, 1, 2, 'ey he', 'he h tu', 240, 0, NULL),
(602, 1, 3, 'gbdv', 'vzbxxb', 240, 0, NULL),
(603, 1, 4, 'tsysy', 'dgdh', 240, 0, NULL),
(604, 1, 5, 'gsdh', 'hdbd', 240, 0, NULL),
(605, 1, 6, '', '', 240, 0, NULL),
(606, 1, 7, '', '', 240, 0, NULL),
(607, 1, 8, '', '', 240, 0, NULL),
(608, 1, 9, '', '', 240, 0, NULL),
(609, 1, 10, '', '', 240, 0, NULL),
(610, 1, 11, 'wgsh', 'hsbd', 240, 0, NULL),
(611, 1, 12, 'sgsb', 'zbxb', 240, 0, NULL),
(612, 1, 13, '', '', 240, 0, NULL),
(613, 1, 14, 'te gdv', 'xbbxn dd hd', 240, 0, NULL),
(614, 1, 15, '', '', 240, 0, NULL),
(615, 1, 16, '', '', 240, 0, NULL),
(616, 1, 17, '', '', 240, 0, NULL),
(617, 1, 18, '', '', 240, 0, NULL),
(618, 1, 19, 'ysgs', 'shhs', 240, 0, NULL),
(619, 1, 20, '', '', 240, 0, NULL),
(620, 1, 21, '', '', 240, 0, NULL),
(621, 1, 22, 'gssh', 'hdhd', 240, 0, NULL),
(622, 1, 23, 'sghs', 'dhdbsh', 240, 0, NULL),
(623, 1, 24, '', '', 240, 0, NULL),
(624, 1, 25, '', '', 240, 0, NULL),
(625, 1, 26, '', '', 240, 0, NULL),
(626, 1, 27, '', '', 240, 0, NULL),
(627, 1, 28, '', '', 240, 0, NULL),
(628, 1, 29, '', '', 240, 0, NULL),
(629, 1, 30, '', 'shhs', 240, 0, NULL),
(630, 1, 31, 'yssu', 'shdh', 240, 0, NULL),
(631, 1, 32, 'sghs', 'dhdh', 240, 0, NULL),
(632, 1, 33, '', '', 240, 0, NULL),
(633, 1, 35, 'hshs', 'sysh', 240, 0, NULL),
(634, 1, 36, '', '', 240, 0, NULL),
(635, 1, 37, 'd hd', 'hshd', 240, 0, NULL),
(636, 1, 38, '', '', 240, 0, NULL),
(637, 1, 39, 'fgd', 'xhbxysy', 240, 0, NULL),
(638, 1, 40, '', '', 240, 0, NULL),
(639, 1, 41, '', '', 240, 0, NULL),
(640, 1, 42, 'yshs', 'shhs', 240, 0, NULL),
(641, 1, 43, 'sgsh', 'dhhd', 240, 0, NULL),
(642, 1, 44, 'ysys', 'shdh', 240, 0, NULL),
(643, 1, 45, 'hshs', 'hdhx', 240, 0, NULL),
(644, 1, 46, 'nshs', 'hd bdb', 240, 0, NULL),
(645, 1, 47, 'hssh', 'sndbx', 240, 0, NULL),
(646, 1, 48, 'hshd', 'djjd', 240, 0, NULL),
(647, 1, 49, '', '', 240, 0, NULL),
(648, 1, 50, '', '', 240, 0, NULL),
(649, 1, 51, '', '', 240, 0, NULL),
(650, 1, 52, 'shhs', 'hdhdh', 240, 0, NULL),
(651, 1, 53, 'shhs', 'dhdb', 240, 0, NULL),
(652, 1, 54, '', 'duhd', 240, 0, NULL),
(653, 1, 55, 'hsgs', 'hdhd', 240, 0, NULL),
(654, 1, 56, 'hshs', 'xhhx', 240, 0, NULL),
(655, 1, 57, 'gshd', 'hdhx', 240, 0, NULL),
(656, 1, 58, 'hdhd', 'hd hdwe', 240, 0, NULL),
(657, 1, 1, 'y ye', 'ye Ur', 240, 0, NULL),
(658, 1, 2, 'ey he', 'he h tu', 240, 0, NULL),
(659, 1, 3, 'gbdv', 'vzbxxb', 240, 0, NULL),
(660, 1, 4, 'tsysy', 'dgdh', 240, 0, NULL),
(661, 1, 5, 'gsdh', 'hdbd', 240, 0, NULL),
(662, 1, 6, '', '', 240, 0, NULL),
(663, 1, 7, '', '', 240, 0, NULL),
(664, 1, 8, '', '', 240, 0, NULL),
(665, 1, 9, '', '', 240, 0, NULL),
(666, 1, 10, '', '', 240, 0, NULL),
(667, 1, 11, 'wgsh', 'hsbd', 240, 0, NULL),
(668, 1, 12, 'sgsb', 'zbxb', 240, 0, NULL),
(669, 1, 13, '', '', 240, 0, NULL),
(670, 1, 14, 'te gdv', 'xbbxn dd hd', 240, 0, NULL),
(671, 1, 15, '', '', 240, 0, NULL),
(672, 1, 16, '', '', 240, 0, NULL),
(673, 1, 17, '', '', 240, 0, NULL),
(674, 1, 18, '', '', 240, 0, NULL),
(675, 1, 19, 'ysgs', 'shhs', 240, 0, NULL),
(676, 1, 20, '', '', 240, 0, NULL),
(677, 1, 21, '', '', 240, 0, NULL),
(678, 1, 22, 'gssh', 'hdhd', 240, 0, NULL),
(679, 1, 23, 'sghs', 'dhdbsh', 240, 0, NULL),
(680, 1, 24, '', '', 240, 0, NULL),
(681, 1, 25, '', '', 240, 0, NULL),
(682, 1, 26, '', '', 240, 0, NULL),
(683, 1, 27, '', '', 240, 0, NULL),
(684, 1, 28, '', '', 240, 0, NULL),
(685, 1, 29, '', '', 240, 0, NULL),
(686, 1, 30, '', 'shhs', 240, 0, NULL),
(687, 1, 31, 'yssu', 'shdh', 240, 0, NULL),
(688, 1, 32, 'sghs', 'dhdh', 240, 0, NULL),
(689, 1, 33, '', '', 240, 0, NULL),
(690, 1, 35, 'hshs', 'sysh', 240, 0, NULL),
(691, 1, 36, '', '', 240, 0, NULL),
(692, 1, 37, 'd hd', 'hshd', 240, 0, NULL),
(693, 1, 38, '', '', 240, 0, NULL),
(694, 1, 39, 'fgd', 'xhbxysy', 240, 0, NULL),
(695, 1, 40, '', '', 240, 0, NULL),
(696, 1, 41, '', '', 240, 0, NULL),
(697, 1, 42, 'yshs', 'shhs', 240, 0, NULL),
(698, 1, 43, 'sgsh', 'dhhd', 240, 0, NULL),
(699, 1, 44, 'ysys', 'shdh', 240, 0, NULL),
(700, 1, 30, '', 'shhs', 240, 0, NULL),
(701, 1, 31, 'yssu', 'shdh', 240, 0, NULL),
(702, 1, 32, 'sghs', 'dhdh', 240, 0, NULL),
(703, 1, 33, '', '', 240, 0, NULL),
(704, 1, 35, 'hshs', 'sysh', 240, 0, NULL),
(705, 1, 36, '', '', 240, 0, NULL),
(706, 1, 37, 'd hd', 'hshd', 240, 0, NULL),
(707, 1, 38, '', '', 240, 0, NULL),
(708, 1, 39, 'fgd', 'xhbxysy', 240, 0, NULL),
(709, 1, 40, '', '', 240, 0, NULL),
(710, 1, 41, '', '', 240, 0, NULL),
(711, 1, 42, 'yshs', 'shhs', 240, 0, NULL),
(712, 1, 43, 'sgsh', 'dhhd', 240, 0, NULL),
(713, 1, 44, 'ysys', 'shdh', 240, 0, NULL),
(714, 1, 45, 'hshs', 'hdhx', 240, 0, NULL),
(715, 1, 46, 'nshs', 'hd bdb', 240, 0, NULL),
(716, 1, 47, 'hssh', 'sndbx', 240, 0, NULL),
(717, 1, 48, 'hshd', 'djjd', 240, 0, NULL),
(718, 1, 49, '', '', 240, 0, NULL),
(719, 1, 50, '', '', 240, 0, NULL),
(720, 1, 51, '', '', 240, 0, NULL),
(721, 1, 52, 'shhs', 'hdhdh', 240, 0, NULL),
(722, 1, 53, 'shhs', 'dhdb', 240, 0, NULL),
(723, 1, 54, '', 'duhd', 240, 0, NULL),
(724, 1, 55, 'hsgs', 'hdhd', 240, 0, NULL),
(725, 1, 56, 'hshs', 'xhhx', 240, 0, NULL),
(726, 1, 57, 'gshd', 'hdhx', 240, 0, NULL),
(727, 1, 58, 'hdhd', 'hd hdwe', 240, 0, NULL),
(728, 1, 1, 'y ye', 'ye Ur', 240, 0, NULL),
(729, 1, 2, 'ey he', 'he h tu', 240, 0, NULL),
(730, 1, 3, 'gbdv', 'vzbxxb', 240, 0, NULL),
(731, 1, 4, 'tsysy', 'dgdh', 240, 0, NULL),
(732, 1, 5, 'gsdh', 'hdbd', 240, 0, NULL),
(733, 1, 6, '', '', 240, 0, NULL),
(734, 1, 7, '', '', 240, 0, NULL),
(735, 1, 8, '', '', 240, 0, NULL),
(736, 1, 9, '', '', 240, 0, NULL),
(737, 1, 10, '', '', 240, 0, NULL),
(738, 1, 11, 'wgsh', 'hsbd', 240, 0, NULL),
(739, 1, 12, 'sgsb', 'zbxb', 240, 0, NULL),
(740, 1, 13, '', '', 240, 0, NULL),
(741, 1, 14, 'te gdv', 'xbbxn dd hd', 240, 0, NULL),
(742, 1, 15, '', '', 240, 0, NULL),
(743, 1, 16, '', '', 240, 0, NULL),
(744, 1, 17, '', '', 240, 0, NULL),
(745, 1, 18, '', '', 240, 0, NULL),
(746, 1, 19, 'ysgs', 'shhs', 240, 0, NULL),
(747, 1, 20, '', '', 240, 0, NULL),
(748, 1, 21, '', '', 240, 0, NULL),
(749, 1, 22, 'gssh', 'hdhd', 240, 0, NULL),
(750, 1, 23, 'sghs', 'dhdbsh', 240, 0, NULL),
(751, 1, 24, '', '', 240, 0, NULL),
(752, 1, 25, '', '', 240, 0, NULL),
(753, 1, 26, '', '', 240, 0, NULL),
(754, 1, 27, '', '', 240, 0, NULL),
(755, 1, 28, '', '', 240, 0, NULL),
(756, 1, 29, '', '', 240, 0, NULL),
(757, 1, 30, '', 'shhs', 240, 0, NULL),
(758, 1, 31, 'yssu', 'shdh', 240, 0, NULL),
(759, 1, 32, 'sghs', 'dhdh', 240, 0, NULL),
(760, 1, 33, '', '', 240, 0, NULL),
(761, 1, 35, 'hshs', 'sysh', 240, 0, NULL),
(762, 1, 36, '', '', 240, 0, NULL),
(763, 1, 37, 'd hd', 'hshd', 240, 0, NULL),
(764, 1, 38, '', '', 240, 0, NULL),
(765, 1, 39, 'fgd', 'xhbxysy', 240, 0, NULL),
(766, 1, 40, '', '', 240, 0, NULL),
(767, 1, 41, '', '', 240, 0, NULL),
(768, 1, 42, 'yshs', 'shhs', 240, 0, NULL),
(769, 1, 43, 'sgsh', 'dhhd', 240, 0, NULL),
(770, 1, 44, 'ysys', 'shdh', 240, 0, NULL),
(771, 1, 45, 'hshs', 'hdhx', 240, 0, NULL),
(772, 1, 46, 'nshs', 'hd bdb', 240, 0, NULL),
(773, 1, 47, 'hssh', 'sndbx', 240, 0, NULL),
(774, 1, 48, 'hshd', 'djjd', 240, 0, NULL),
(775, 1, 49, '', '', 240, 0, NULL),
(776, 1, 50, '', '', 240, 0, NULL),
(777, 1, 51, '', '', 240, 0, NULL),
(778, 1, 52, 'shhs', 'hdhdh', 240, 0, NULL),
(779, 1, 53, 'shhs', 'dhdb', 240, 0, NULL),
(780, 1, 54, '', 'duhd', 240, 0, NULL),
(781, 1, 55, 'hsgs', 'hdhd', 240, 0, NULL),
(782, 1, 56, 'hshs', 'xhhx', 240, 0, NULL),
(783, 1, 57, 'gshd', 'hdhx', 240, 0, NULL),
(784, 1, 58, 'hdhd', 'hd hdwe', 240, 0, NULL),
(785, 1, 45, 'hshs', 'hdhx', 240, 0, NULL),
(786, 1, 46, 'nshs', 'hd bdb', 240, 0, NULL),
(787, 1, 47, 'hssh', 'sndbx', 240, 0, NULL),
(788, 1, 48, 'hshd', 'djjd', 240, 0, NULL),
(789, 1, 49, '', '', 240, 0, NULL),
(790, 1, 50, '', '', 240, 0, NULL),
(791, 1, 51, '', '', 240, 0, NULL),
(792, 1, 52, 'shhs', 'hdhdh', 240, 0, NULL),
(793, 1, 53, 'shhs', 'dhdb', 240, 0, NULL),
(794, 1, 54, '', 'duhd', 240, 0, NULL),
(795, 1, 55, 'hsgs', 'hdhd', 240, 0, NULL),
(796, 1, 56, 'hshs', 'xhhx', 240, 0, NULL),
(797, 1, 57, 'gshd', 'hdhx', 240, 0, NULL),
(798, 1, 58, 'hdhd', 'hd hdwe', 240, 0, NULL),
(799, 1, 1, 'y ye', 'ye Ur', 240, 0, NULL),
(800, 1, 2, 'ey he', 'he h tu', 240, 0, NULL),
(801, 1, 3, 'gbdv', 'vzbxxb', 240, 0, NULL),
(802, 1, 4, 'tsysy', 'dgdh', 240, 0, NULL),
(803, 1, 5, 'gsdh', 'hdbd', 240, 0, NULL),
(804, 1, 6, '', '', 240, 0, NULL),
(805, 1, 7, '', '', 240, 0, NULL),
(806, 1, 8, '', '', 240, 0, NULL),
(807, 1, 9, '', '', 240, 0, NULL),
(808, 1, 10, '', '', 240, 0, NULL),
(809, 1, 11, 'wgsh', 'hsbd', 240, 0, NULL),
(810, 1, 12, 'sgsb', 'zbxb', 240, 0, NULL),
(811, 1, 13, '', '', 240, 0, NULL),
(812, 1, 14, 'te gdv', 'xbbxn dd hd', 240, 0, NULL),
(813, 1, 15, '', '', 240, 0, NULL),
(814, 1, 16, '', '', 240, 0, NULL),
(815, 1, 17, '', '', 240, 0, NULL),
(816, 1, 18, '', '', 240, 0, NULL),
(817, 1, 19, 'ysgs', 'shhs', 240, 0, NULL),
(818, 1, 20, '', '', 240, 0, NULL),
(819, 1, 21, '', '', 240, 0, NULL),
(820, 1, 22, 'gssh', 'hdhd', 240, 0, NULL),
(821, 1, 23, 'sghs', 'dhdbsh', 240, 0, NULL),
(822, 1, 24, '', '', 240, 0, NULL),
(823, 1, 25, '', '', 240, 0, NULL),
(824, 1, 26, '', '', 240, 0, NULL),
(825, 1, 27, '', '', 240, 0, NULL),
(826, 1, 28, '', '', 240, 0, NULL),
(827, 1, 29, '', '', 240, 0, NULL),
(828, 1, 30, '', 'shhs', 240, 0, NULL),
(829, 1, 31, 'yssu', 'shdh', 240, 0, NULL),
(830, 1, 32, 'sghs', 'dhdh', 240, 0, NULL),
(831, 1, 33, '', '', 240, 0, NULL),
(832, 1, 35, 'hshs', 'sysh', 240, 0, NULL),
(833, 1, 36, '', '', 240, 0, NULL),
(834, 1, 37, 'd hd', 'hshd', 240, 0, NULL),
(835, 1, 38, '', '', 240, 0, NULL),
(836, 1, 39, 'fgd', 'xhbxysy', 240, 0, NULL),
(837, 1, 40, '', '', 240, 0, NULL),
(838, 1, 41, '', '', 240, 0, NULL),
(839, 1, 42, 'yshs', 'shhs', 240, 0, NULL),
(840, 1, 43, 'sgsh', 'dhhd', 240, 0, NULL),
(841, 1, 44, 'ysys', 'shdh', 240, 0, NULL),
(842, 1, 45, 'hshs', 'hdhx', 240, 0, NULL),
(843, 1, 46, 'nshs', 'hd bdb', 240, 0, NULL),
(844, 1, 47, 'hssh', 'sndbx', 240, 0, NULL),
(845, 1, 48, 'hshd', 'djjd', 240, 0, NULL),
(846, 1, 49, '', '', 240, 0, NULL),
(847, 1, 50, '', '', 240, 0, NULL),
(848, 1, 51, '', '', 240, 0, NULL),
(849, 1, 52, 'shhs', 'hdhdh', 240, 0, NULL),
(850, 1, 53, 'shhs', 'dhdb', 240, 0, NULL),
(851, 1, 54, '', 'duhd', 240, 0, NULL),
(852, 1, 55, 'hsgs', 'hdhd', 240, 0, NULL),
(853, 1, 56, 'hshs', 'xhhx', 240, 0, NULL),
(854, 1, 57, 'gshd', 'hdhx', 240, 0, NULL),
(855, 1, 58, 'hdhd', 'hd hdwe', 240, 0, NULL),
(856, 1, 1, 'y ye', 'ye Ur', 240, 0, NULL),
(857, 1, 2, 'ey he', 'he h tu', 240, 0, NULL),
(858, 1, 3, 'gbdv', 'vzbxxb', 240, 0, NULL),
(859, 1, 4, 'tsysy', 'dgdh', 240, 0, NULL),
(860, 1, 5, 'gsdh', 'hdbd', 240, 0, NULL),
(861, 1, 6, '', '', 240, 0, NULL),
(862, 1, 7, '', '', 240, 0, NULL),
(863, 1, 8, '', '', 240, 0, NULL),
(864, 1, 9, '', '', 240, 0, NULL),
(865, 1, 10, '', '', 240, 0, NULL),
(866, 1, 11, 'wgsh', 'hsbd', 240, 0, NULL),
(867, 1, 12, 'sgsb', 'zbxb', 240, 0, NULL),
(868, 1, 13, '', '', 240, 0, NULL),
(869, 1, 14, 'te gdv', 'xbbxn dd hd', 240, 0, NULL),
(870, 1, 15, '', '', 240, 0, NULL),
(871, 1, 16, '', '', 240, 0, NULL),
(872, 1, 17, '', '', 240, 0, NULL),
(873, 1, 18, '', '', 240, 0, NULL),
(874, 1, 19, 'ysgs', 'shhs', 240, 0, NULL),
(875, 1, 20, '', '', 240, 0, NULL),
(876, 1, 21, '', '', 240, 0, NULL),
(877, 1, 22, 'gssh', 'hdhd', 240, 0, NULL),
(878, 1, 23, 'sghs', 'dhdbsh', 240, 0, NULL),
(879, 1, 24, '', '', 240, 0, NULL),
(880, 1, 25, '', '', 240, 0, NULL),
(881, 1, 26, '', '', 240, 0, NULL),
(882, 1, 27, '', '', 240, 0, NULL),
(883, 1, 28, '', '', 240, 0, NULL),
(884, 1, 29, '', '', 240, 0, NULL),
(885, 1, 30, '', 'shhs', 240, 0, NULL),
(886, 1, 31, 'yssu', 'shdh', 240, 0, NULL),
(887, 1, 32, 'sghs', 'dhdh', 240, 0, NULL),
(888, 1, 33, '', '', 240, 0, NULL),
(889, 1, 35, 'hshs', 'sysh', 240, 0, NULL),
(890, 1, 36, '', '', 240, 0, NULL),
(891, 1, 37, 'd hd', 'hshd', 240, 0, NULL),
(892, 1, 38, '', '', 240, 0, NULL),
(893, 1, 39, 'fgd', 'xhbxysy', 240, 0, NULL),
(894, 1, 40, '', '', 240, 0, NULL),
(895, 1, 41, '', '', 240, 0, NULL),
(896, 1, 42, 'yshs', 'shhs', 240, 0, NULL),
(897, 1, 43, 'sgsh', 'dhhd', 240, 0, NULL),
(898, 1, 44, 'ysys', 'shdh', 240, 0, NULL),
(899, 1, 45, 'hshs', 'hdhx', 240, 0, NULL),
(900, 1, 46, 'nshs', 'hd bdb', 240, 0, NULL),
(901, 1, 47, 'hssh', 'sndbx', 240, 0, NULL),
(902, 1, 48, 'hshd', 'djjd', 240, 0, NULL),
(903, 1, 49, '', '', 240, 0, NULL),
(904, 1, 50, '', '', 240, 0, NULL),
(905, 1, 51, '', '', 240, 0, NULL),
(906, 1, 52, 'shhs', 'hdhdh', 240, 0, NULL),
(907, 1, 53, 'shhs', 'dhdb', 240, 0, NULL),
(908, 1, 54, '', 'duhd', 240, 0, NULL),
(909, 1, 55, 'hsgs', 'hdhd', 240, 0, NULL),
(910, 1, 56, 'hshs', 'xhhx', 240, 0, NULL),
(911, 1, 57, 'gshd', 'hdhx', 240, 0, NULL),
(912, 1, 58, 'hdhd', 'hd hdwe', 240, 0, NULL),
(913, 1, 1, 'y ye', 'ye Ur', 240, 0, NULL),
(914, 1, 2, 'ey he', 'he h tu', 240, 0, NULL),
(915, 1, 3, 'gbdv', 'vzbxxb', 240, 0, NULL),
(916, 1, 4, 'tsysy', 'dgdh', 240, 0, NULL),
(917, 1, 5, 'gsdh', 'hdbd', 240, 0, NULL),
(918, 1, 6, '', '', 240, 0, NULL),
(919, 1, 7, '', '', 240, 0, NULL),
(920, 1, 8, '', '', 240, 0, NULL),
(921, 1, 9, '', '', 240, 0, NULL),
(922, 1, 10, '', '', 240, 0, NULL),
(923, 1, 11, 'wgsh', 'hsbd', 240, 0, NULL),
(924, 1, 12, 'sgsb', 'zbxb', 240, 0, NULL),
(925, 1, 13, '', '', 240, 0, NULL),
(926, 1, 14, 'te gdv', 'xbbxn dd hd', 240, 0, NULL),
(927, 1, 15, '', '', 240, 0, NULL),
(928, 1, 16, '', '', 240, 0, NULL),
(929, 1, 17, '', '', 240, 0, NULL),
(930, 1, 18, '', '', 240, 0, NULL),
(931, 1, 19, 'ysgs', 'shhs', 240, 0, NULL),
(932, 1, 20, '', '', 240, 0, NULL),
(933, 1, 21, '', '', 240, 0, NULL),
(934, 1, 22, 'gssh', 'hdhd', 240, 0, NULL),
(935, 1, 23, 'sghs', 'dhdbsh', 240, 0, NULL),
(936, 1, 24, '', '', 240, 0, NULL),
(937, 1, 25, '', '', 240, 0, NULL),
(938, 1, 26, '', '', 240, 0, NULL),
(939, 1, 27, '', '', 240, 0, NULL),
(940, 1, 28, '', '', 240, 0, NULL),
(941, 1, 29, '', '', 240, 0, NULL),
(942, 1, 30, '', 'shhs', 240, 0, NULL),
(943, 1, 31, 'yssu', 'shdh', 240, 0, NULL),
(944, 1, 32, 'sghs', 'dhdh', 240, 0, NULL),
(945, 1, 33, '', '', 240, 0, NULL),
(946, 1, 35, 'hshs', 'sysh', 240, 0, NULL),
(947, 1, 36, '', '', 240, 0, NULL),
(948, 1, 37, 'd hd', 'hshd', 240, 0, NULL),
(949, 1, 38, '', '', 240, 0, NULL),
(950, 1, 39, 'fgd', 'xhbxysy', 240, 0, NULL),
(951, 1, 40, '', '', 240, 0, NULL),
(952, 1, 41, '', '', 240, 0, NULL),
(953, 1, 42, 'yshs', 'shhs', 240, 0, NULL),
(954, 1, 43, 'sgsh', 'dhhd', 240, 0, NULL),
(955, 1, 44, 'ysys', 'shdh', 240, 0, NULL),
(956, 1, 45, 'hshs', 'hdhx', 240, 0, NULL),
(957, 1, 46, 'nshs', 'hd bdb', 240, 0, NULL),
(958, 1, 47, 'hssh', 'sndbx', 240, 0, NULL),
(959, 1, 48, 'hshd', 'djjd', 240, 0, NULL),
(960, 1, 49, '', '', 240, 0, NULL),
(961, 1, 50, '', '', 240, 0, NULL),
(962, 1, 51, '', '', 240, 0, NULL),
(963, 1, 52, 'shhs', 'hdhdh', 240, 0, NULL),
(964, 1, 53, 'shhs', 'dhdb', 240, 0, NULL),
(965, 1, 54, '', 'duhd', 240, 0, NULL),
(966, 1, 55, 'hsgs', 'hdhd', 240, 0, NULL),
(967, 1, 56, 'hshs', 'xhhx', 240, 0, NULL),
(968, 1, 57, 'gshd', 'hdhx', 240, 0, NULL),
(969, 1, 58, 'hdhd', 'hd hdwe', 240, 0, NULL),
(970, 1, 1, 'y ye', 'ye Ur', 240, 0, NULL),
(971, 1, 2, 'ey he', 'he h tu', 240, 0, NULL),
(972, 1, 3, 'gbdv', 'vzbxxb', 240, 0, NULL),
(973, 1, 4, 'tsysy', 'dgdh', 240, 0, NULL),
(974, 1, 5, 'gsdh', 'hdbd', 240, 0, NULL),
(975, 1, 6, '', '', 240, 0, NULL),
(976, 1, 7, '', '', 240, 0, NULL),
(977, 1, 8, '', '', 240, 0, NULL),
(978, 1, 9, '', '', 240, 0, NULL),
(979, 1, 10, '', '', 240, 0, NULL),
(980, 1, 11, 'wgsh', 'hsbd', 240, 0, NULL),
(981, 1, 12, 'sgsb', 'zbxb', 240, 0, NULL),
(982, 1, 13, '', '', 240, 0, NULL),
(983, 1, 14, 'te gdv', 'xbbxn dd hd', 240, 0, NULL),
(984, 1, 15, '', '', 240, 0, NULL),
(985, 1, 16, '', '', 240, 0, NULL),
(986, 1, 17, '', '', 240, 0, NULL),
(987, 1, 18, '', '', 240, 0, NULL),
(988, 1, 19, 'ysgs', 'shhs', 240, 0, NULL),
(989, 1, 20, '', '', 240, 0, NULL),
(990, 1, 21, '', '', 240, 0, NULL),
(991, 1, 22, 'gssh', 'hdhd', 240, 0, NULL),
(992, 1, 23, 'sghs', 'dhdbsh', 240, 0, NULL),
(993, 1, 24, '', '', 240, 0, NULL),
(994, 1, 25, '', '', 240, 0, NULL),
(995, 1, 26, '', '', 240, 0, NULL),
(996, 1, 27, '', '', 240, 0, NULL),
(997, 1, 28, '', '', 240, 0, NULL),
(998, 1, 29, '', '', 240, 0, NULL),
(999, 1, 30, '', 'shhs', 240, 0, NULL),
(1000, 1, 31, 'yssu', 'shdh', 240, 0, NULL),
(1001, 1, 32, 'sghs', 'dhdh', 240, 0, NULL),
(1002, 1, 33, '', '', 240, 0, NULL),
(1003, 1, 35, 'hshs', 'sysh', 240, 0, NULL),
(1004, 1, 36, '', '', 240, 0, NULL),
(1005, 1, 37, 'd hd', 'hshd', 240, 0, NULL),
(1006, 1, 38, '', '', 240, 0, NULL),
(1007, 1, 39, 'fgd', 'xhbxysy', 240, 0, NULL),
(1008, 1, 40, '', '', 240, 0, NULL),
(1009, 1, 41, '', '', 240, 0, NULL),
(1010, 1, 42, 'yshs', 'shhs', 240, 0, NULL),
(1011, 1, 43, 'sgsh', 'dhhd', 240, 0, NULL),
(1012, 1, 44, 'ysys', 'shdh', 240, 0, NULL),
(1013, 1, 45, 'hshs', 'hdhx', 240, 0, NULL),
(1014, 1, 46, 'nshs', 'hd bdb', 240, 0, NULL),
(1015, 1, 47, 'hssh', 'sndbx', 240, 0, NULL),
(1016, 1, 48, 'hshd', 'djjd', 240, 0, NULL),
(1017, 1, 49, '', '', 240, 0, NULL),
(1018, 1, 50, '', '', 240, 0, NULL),
(1019, 1, 51, '', '', 240, 0, NULL),
(1020, 1, 52, 'shhs', 'hdhdh', 240, 0, NULL),
(1021, 1, 53, 'shhs', 'dhdb', 240, 0, NULL),
(1022, 1, 54, '', 'duhd', 240, 0, NULL),
(1023, 1, 55, 'hsgs', 'hdhd', 240, 0, NULL),
(1024, 1, 56, 'hshs', 'xhhx', 240, 0, NULL),
(1025, 1, 57, 'gshd', 'hdhx', 240, 0, NULL),
(1026, 1, 58, 'hdhd', 'hd hdwe', 240, 0, NULL),
(1027, 1, 1, 'y ye', 'ye Ur', 240, 0, NULL),
(1028, 1, 2, 'ey he', 'he h tu', 240, 0, NULL),
(1029, 1, 3, 'gbdv', 'vzbxxb', 240, 0, NULL),
(1030, 1, 4, 'tsysy', 'dgdh', 240, 0, NULL),
(1031, 1, 5, 'gsdh', 'hdbd', 240, 0, NULL),
(1032, 1, 6, '', '', 240, 0, NULL),
(1033, 1, 7, '', '', 240, 0, NULL),
(1034, 1, 8, '', '', 240, 0, NULL),
(1035, 1, 9, '', '', 240, 0, NULL),
(1036, 1, 10, '', '', 240, 0, NULL),
(1037, 1, 11, 'wgsh', 'hsbd', 240, 0, NULL),
(1038, 1, 12, 'sgsb', 'zbxb', 240, 0, NULL),
(1039, 1, 13, '', '', 240, 0, NULL),
(1040, 1, 14, 'te gdv', 'xbbxn dd hd', 240, 0, NULL),
(1041, 1, 15, '', '', 240, 0, NULL),
(1042, 1, 16, '', '', 240, 0, NULL),
(1043, 1, 17, '', '', 240, 0, NULL),
(1044, 1, 18, '', '', 240, 0, NULL),
(1045, 1, 19, 'ysgs', 'shhs', 240, 0, NULL),
(1046, 1, 20, '', '', 240, 0, NULL),
(1047, 1, 21, '', '', 240, 0, NULL),
(1048, 1, 22, 'gssh', 'hdhd', 240, 0, NULL),
(1049, 1, 23, 'sghs', 'dhdbsh', 240, 0, NULL),
(1050, 1, 24, '', '', 240, 0, NULL),
(1051, 1, 25, '', '', 240, 0, NULL),
(1052, 1, 26, '', '', 240, 0, NULL),
(1053, 1, 27, '', '', 240, 0, NULL),
(1054, 1, 28, '', '', 240, 0, NULL),
(1055, 1, 29, '', '', 240, 0, NULL),
(1056, 1, 30, '', 'shhs', 240, 0, NULL),
(1057, 1, 31, 'yssu', 'shdh', 240, 0, NULL),
(1058, 1, 32, 'sghs', 'dhdh', 240, 0, NULL),
(1059, 1, 33, '', '', 240, 0, NULL),
(1060, 1, 35, 'hshs', 'sysh', 240, 0, NULL),
(1061, 1, 36, '', '', 240, 0, NULL),
(1062, 1, 37, 'd hd', 'hshd', 240, 0, NULL),
(1063, 1, 38, '', '', 240, 0, NULL),
(1064, 1, 39, 'fgd', 'xhbxysy', 240, 0, NULL),
(1065, 1, 40, '', '', 240, 0, NULL),
(1066, 1, 41, '', '', 240, 0, NULL),
(1067, 1, 42, 'yshs', 'shhs', 240, 0, NULL),
(1068, 1, 43, 'sgsh', 'dhhd', 240, 0, NULL),
(1069, 1, 44, 'ysys', 'shdh', 240, 0, NULL),
(1070, 1, 45, 'hshs', 'hdhx', 240, 0, NULL),
(1071, 1, 46, 'nshs', 'hd bdb', 240, 0, NULL),
(1072, 1, 47, 'hssh', 'sndbx', 240, 0, NULL),
(1073, 1, 48, 'hshd', 'djjd', 240, 0, NULL),
(1074, 1, 49, '', '', 240, 0, NULL),
(1075, 1, 50, '', '', 240, 0, NULL),
(1076, 1, 51, '', '', 240, 0, NULL),
(1077, 1, 52, 'shhs', 'hdhdh', 240, 0, NULL),
(1078, 1, 53, 'shhs', 'dhdb', 240, 0, NULL),
(1079, 1, 54, '', 'duhd', 240, 0, NULL),
(1080, 1, 55, 'hsgs', 'hdhd', 240, 0, NULL),
(1081, 1, 56, 'hshs', 'xhhx', 240, 0, NULL),
(1082, 1, 57, 'gshd', 'hdhx', 240, 0, NULL),
(1083, 1, 58, 'hdhd', 'hd hdwe', 240, 0, NULL),
(1084, 1, 1, 'y ye', 'ye Ur', 240, 0, NULL),
(1085, 1, 2, 'ey he', 'he h tu', 240, 0, NULL),
(1086, 1, 3, 'gbdv', 'vzbxxb', 240, 0, NULL),
(1087, 1, 4, 'tsysy', 'dgdh', 240, 0, NULL),
(1088, 1, 5, 'gsdh', 'hdbd', 240, 0, NULL),
(1089, 1, 6, '', '', 240, 0, NULL),
(1090, 1, 7, '', '', 240, 0, NULL),
(1091, 1, 8, '', '', 240, 0, NULL),
(1092, 1, 9, '', '', 240, 0, NULL),
(1093, 1, 10, '', '', 240, 0, NULL),
(1094, 1, 11, 'wgsh', 'hsbd', 240, 0, NULL),
(1095, 1, 12, 'sgsb', 'zbxb', 240, 0, NULL),
(1096, 1, 13, '', '', 240, 0, NULL),
(1097, 1, 14, 'te gdv', 'xbbxn dd hd', 240, 0, NULL),
(1098, 1, 15, '', '', 240, 0, NULL),
(1099, 1, 16, '', '', 240, 0, NULL),
(1100, 1, 17, '', '', 240, 0, NULL),
(1101, 1, 18, '', '', 240, 0, NULL),
(1102, 1, 19, 'ysgs', 'shhs', 240, 0, NULL),
(1103, 1, 20, '', '', 240, 0, NULL),
(1104, 1, 21, '', '', 240, 0, NULL),
(1105, 1, 22, 'gssh', 'hdhd', 240, 0, NULL),
(1106, 1, 23, 'sghs', 'dhdbsh', 240, 0, NULL),
(1107, 1, 24, '', '', 240, 0, NULL),
(1108, 1, 25, '', '', 240, 0, NULL),
(1109, 1, 26, '', '', 240, 0, NULL),
(1110, 1, 27, '', '', 240, 0, NULL),
(1111, 1, 28, '', '', 240, 0, NULL),
(1112, 1, 29, '', '', 240, 0, NULL),
(1113, 1, 30, '', 'shhs', 240, 0, NULL),
(1114, 1, 31, 'yssu', 'shdh', 240, 0, NULL),
(1115, 1, 32, 'sghs', 'dhdh', 240, 0, NULL),
(1116, 1, 33, '', '', 240, 0, NULL),
(1117, 1, 35, 'hshs', 'sysh', 240, 0, NULL),
(1118, 1, 36, '', '', 240, 0, NULL),
(1119, 1, 37, 'd hd', 'hshd', 240, 0, NULL),
(1120, 1, 38, '', '', 240, 0, NULL),
(1121, 1, 39, 'fgd', 'xhbxysy', 240, 0, NULL),
(1122, 1, 40, '', '', 240, 0, NULL),
(1123, 1, 41, '', '', 240, 0, NULL),
(1124, 1, 42, 'yshs', 'shhs', 240, 0, NULL),
(1125, 1, 43, 'sgsh', 'dhhd', 240, 0, NULL),
(1126, 1, 44, 'ysys', 'shdh', 240, 0, NULL),
(1127, 1, 45, 'hshs', 'hdhx', 240, 0, NULL),
(1128, 1, 46, 'nshs', 'hd bdb', 240, 0, NULL),
(1129, 1, 47, 'hssh', 'sndbx', 240, 0, NULL),
(1130, 1, 48, 'hshd', 'djjd', 240, 0, NULL),
(1131, 1, 49, '', '', 240, 0, NULL),
(1132, 1, 50, '', '', 240, 0, NULL),
(1133, 1, 51, '', '', 240, 0, NULL),
(1134, 1, 52, 'shhs', 'hdhdh', 240, 0, NULL),
(1135, 1, 53, 'shhs', 'dhdb', 240, 0, NULL),
(1136, 1, 54, '', 'duhd', 240, 0, NULL),
(1137, 1, 55, 'hsgs', 'hdhd', 240, 0, NULL),
(1138, 1, 56, 'hshs', 'xhhx', 240, 0, NULL),
(1139, 1, 57, 'gshd', 'hdhx', 240, 0, NULL),
(1140, 1, 58, 'hdhd', 'hd hdwe', 240, 0, NULL),
(1141, 1, 1, 'y ye', 'ye Ur', 240, 0, NULL),
(1142, 1, 2, 'ey he', 'he h tu', 240, 0, NULL),
(1143, 1, 3, 'gbdv', 'vzbxxb', 240, 0, NULL),
(1144, 1, 4, 'tsysy', 'dgdh', 240, 0, NULL),
(1145, 1, 5, 'gsdh', 'hdbd', 240, 0, NULL),
(1146, 1, 6, '', '', 240, 0, NULL),
(1147, 1, 7, '', '', 240, 0, NULL),
(1148, 1, 8, '', '', 240, 0, NULL),
(1149, 1, 9, '', '', 240, 0, NULL),
(1150, 1, 10, '', '', 240, 0, NULL),
(1151, 1, 11, 'wgsh', 'hsbd', 240, 0, NULL),
(1152, 1, 12, 'sgsb', 'zbxb', 240, 0, NULL),
(1153, 1, 13, '', '', 240, 0, NULL),
(1154, 1, 14, 'te gdv', 'xbbxn dd hd', 240, 0, NULL),
(1155, 1, 15, '', '', 240, 0, NULL),
(1156, 1, 16, '', '', 240, 0, NULL),
(1157, 1, 17, '', '', 240, 0, NULL),
(1158, 1, 18, '', '', 240, 0, NULL),
(1159, 1, 19, 'ysgs', 'shhs', 240, 0, NULL),
(1160, 1, 20, '', '', 240, 0, NULL),
(1161, 1, 21, '', '', 240, 0, NULL),
(1162, 1, 22, 'gssh', 'hdhd', 240, 0, NULL),
(1163, 1, 23, 'sghs', 'dhdbsh', 240, 0, NULL),
(1164, 1, 24, '', '', 240, 0, NULL),
(1165, 1, 25, '', '', 240, 0, NULL),
(1166, 1, 26, '', '', 240, 0, NULL),
(1167, 1, 27, '', '', 240, 0, NULL),
(1168, 1, 28, '', '', 240, 0, NULL),
(1169, 1, 29, '', '', 240, 0, NULL),
(1170, 1, 30, '', 'shhs', 240, 0, NULL),
(1171, 1, 31, 'yssu', 'shdh', 240, 0, NULL),
(1172, 1, 32, 'sghs', 'dhdh', 240, 0, NULL),
(1173, 1, 33, '', '', 240, 0, NULL),
(1174, 1, 35, 'hshs', 'sysh', 240, 0, NULL),
(1175, 1, 36, '', '', 240, 0, NULL),
(1176, 1, 37, 'd hd', 'hshd', 240, 0, NULL),
(1177, 1, 38, '', '', 240, 0, NULL),
(1178, 1, 39, 'fgd', 'xhbxysy', 240, 0, NULL),
(1179, 1, 40, '', '', 240, 0, NULL),
(1180, 1, 41, '', '', 240, 0, NULL),
(1181, 1, 42, 'yshs', 'shhs', 240, 0, NULL),
(1182, 1, 43, 'sgsh', 'dhhd', 240, 0, NULL),
(1183, 1, 44, 'ysys', 'shdh', 240, 0, NULL),
(1184, 1, 45, 'hshs', 'hdhx', 240, 0, NULL),
(1185, 1, 46, 'nshs', 'hd bdb', 240, 0, NULL),
(1186, 1, 47, 'hssh', 'sndbx', 240, 0, NULL),
(1187, 1, 48, 'hshd', 'djjd', 240, 0, NULL),
(1188, 1, 49, '', '', 240, 0, NULL),
(1189, 1, 50, '', '', 240, 0, NULL),
(1190, 1, 51, '', '', 240, 0, NULL),
(1191, 1, 52, 'shhs', 'hdhdh', 240, 0, NULL),
(1192, 1, 53, 'shhs', 'dhdb', 240, 0, NULL),
(1193, 1, 54, '', 'duhd', 240, 0, NULL),
(1194, 1, 55, 'hsgs', 'hdhd', 240, 0, NULL),
(1195, 1, 56, 'hshs', 'xhhx', 240, 0, NULL),
(1196, 1, 57, 'gshd', 'hdhx', 240, 0, NULL),
(1197, 1, 58, 'hdhd', 'hd hdwe', 240, 0, NULL),
(1198, 1, 1, 'y ye', 'ye Ur', 240, 0, NULL),
(1199, 1, 2, 'ey he', 'he h tu', 240, 0, NULL),
(1200, 1, 3, 'gbdv', 'vzbxxb', 240, 0, NULL),
(1201, 1, 4, 'tsysy', 'dgdh', 240, 0, NULL),
(1202, 1, 5, 'gsdh', 'hdbd', 240, 0, NULL),
(1203, 1, 6, '', '', 240, 0, NULL),
(1204, 1, 7, '', '', 240, 0, NULL),
(1205, 1, 8, '', '', 240, 0, NULL),
(1206, 1, 9, '', '', 240, 0, NULL),
(1207, 1, 10, '', '', 240, 0, NULL),
(1208, 1, 11, 'wgsh', 'hsbd', 240, 0, NULL),
(1209, 1, 12, 'sgsb', 'zbxb', 240, 0, NULL),
(1210, 1, 13, '', '', 240, 0, NULL),
(1211, 1, 14, 'te gdv', 'xbbxn dd hd', 240, 0, NULL),
(1212, 1, 15, '', '', 240, 0, NULL),
(1213, 1, 16, '', '', 240, 0, NULL),
(1214, 1, 17, '', '', 240, 0, NULL),
(1215, 1, 18, '', '', 240, 0, NULL),
(1216, 1, 19, 'ysgs', 'shhs', 240, 0, NULL),
(1217, 1, 20, '', '', 240, 0, NULL),
(1218, 1, 21, '', '', 240, 0, NULL),
(1219, 1, 22, 'gssh', 'hdhd', 240, 0, NULL),
(1220, 1, 23, 'sghs', 'dhdbsh', 240, 0, NULL),
(1221, 1, 24, '', '', 240, 0, NULL),
(1222, 1, 25, '', '', 240, 0, NULL),
(1223, 1, 26, '', '', 240, 0, NULL),
(1224, 1, 27, '', '', 240, 0, NULL),
(1225, 1, 28, '', '', 240, 0, NULL),
(1226, 1, 29, '', '', 240, 0, NULL),
(1227, 1, 30, '', 'shhs', 240, 0, NULL),
(1228, 1, 31, 'yssu', 'shdh', 240, 0, NULL),
(1229, 1, 32, 'sghs', 'dhdh', 240, 0, NULL),
(1230, 1, 33, '', '', 240, 0, NULL),
(1231, 1, 35, 'hshs', 'sysh', 240, 0, NULL),
(1232, 1, 36, '', '', 240, 0, NULL),
(1233, 1, 37, 'd hd', 'hshd', 240, 0, NULL),
(1234, 1, 38, '', '', 240, 0, NULL),
(1235, 1, 39, 'fgd', 'xhbxysy', 240, 0, NULL),
(1236, 1, 40, '', '', 240, 0, NULL),
(1237, 1, 41, '', '', 240, 0, NULL),
(1238, 1, 42, 'yshs', 'shhs', 240, 0, NULL),
(1239, 1, 43, 'sgsh', 'dhhd', 240, 0, NULL),
(1240, 1, 44, 'ysys', 'shdh', 240, 0, NULL),
(1241, 1, 45, 'hshs', 'hdhx', 240, 0, NULL),
(1242, 1, 46, 'nshs', 'hd bdb', 240, 0, NULL),
(1243, 1, 47, 'hssh', 'sndbx', 240, 0, NULL),
(1244, 1, 48, 'hshd', 'djjd', 240, 0, NULL),
(1245, 1, 49, '', '', 240, 0, NULL),
(1246, 1, 50, '', '', 240, 0, NULL),
(1247, 1, 51, '', '', 240, 0, NULL),
(1248, 1, 52, 'shhs', 'hdhdh', 240, 0, NULL),
(1249, 1, 53, 'shhs', 'dhdb', 240, 0, NULL),
(1250, 1, 54, '', 'duhd', 240, 0, NULL),
(1251, 1, 55, 'hsgs', 'hdhd', 240, 0, NULL),
(1252, 1, 56, 'hshs', 'xhhx', 240, 0, NULL),
(1253, 1, 57, 'gshd', 'hdhx', 240, 0, NULL),
(1254, 1, 58, 'hdhd', 'hd hdwe', 240, 0, NULL),
(1255, 1, 1, '7887', '99', 240, 0, NULL),
(1256, 1, 2, '79', '7978', 240, 0, NULL),
(1257, 1, 3, '7997', '7895', 240, 0, NULL),
(1258, 1, 4, '656', '655', 240, 0, NULL),
(1259, 1, 5, '6464', '6464', 240, 0, NULL),
(1260, 1, 6, '533', '55', 240, 0, NULL),
(1261, 1, 7, '55', '53', 240, 0, NULL),
(1262, 1, 8, '22', '656', 240, 0, NULL),
(1263, 1, 9, '55', '55', 240, 0, NULL),
(1264, 1, 10, '56', '64', 240, 0, NULL),
(1265, 1, 11, '4', '4', 240, 0, NULL),
(1266, 1, 12, '4', '4', 240, 0, NULL),
(1267, 1, 13, '1', '1', 240, 0, NULL),
(1268, 1, 14, '995', '999', 240, 0, NULL),
(1269, 1, 15, '22', '2121', 240, 0, NULL),
(1270, 1, 16, '12', '455', 240, 0, NULL),
(1271, 1, 17, '11', '422', 240, 0, NULL),
(1272, 1, 18, 'shhs', 'hd gd', 240, 0, NULL),
(1273, 1, 19, '4664', '4664', 240, 0, NULL),
(1274, 1, 20, '41', '422', 240, 0, NULL),
(1275, 1, 21, '344', '4342', 240, 0, NULL),
(1276, 1, 22, '4664', '799', 240, 0, NULL),
(1277, 1, 23, '6435', '6868', 240, 0, NULL),
(1278, 1, 24, '546', '656', 240, 0, NULL),
(1279, 1, 25, '625', '9559', 240, 0, NULL),
(1280, 1, 26, '12', '21', 240, 0, NULL),
(1281, 1, 27, '6565', '6768', 240, 0, NULL),
(1282, 1, 28, '5456', '5665', 240, 0, NULL),
(1283, 1, 29, '49945', '949', 240, 0, NULL),
(1284, 1, 30, '21', '4664', 240, 0, NULL),
(1285, 1, 31, '6767', '8979', 240, 0, NULL),
(1286, 1, 32, '44', '44', 240, 0, NULL);
INSERT INTO `map_test_attribute_values` (`id`, `test_master_id`, `map_test_attribute_id`, `reference_value`, `reading`, `patient_id`, `registeration_id`, `visit_master_id`) VALUES
(1287, 1, 33, '44', '44', 240, 0, NULL),
(1288, 1, 35, '6464', '976', 240, 0, NULL),
(1289, 1, 36, '6464', '6467', 240, 0, NULL),
(1290, 1, 37, '234', '5656', 240, 0, NULL),
(1291, 1, 38, '54', '343', 240, 0, NULL),
(1292, 1, 39, '434', '5335', 240, 0, NULL),
(1293, 1, 40, '', '', 240, 0, NULL),
(1294, 1, 41, '', '', 240, 0, NULL),
(1295, 1, 42, '4646', '8686', 240, 0, NULL),
(1296, 1, 43, '576', '7664', 240, 0, NULL),
(1297, 1, 45, '3465', '9797', 240, 0, NULL),
(1298, 1, 46, '4334', '6464', 240, 0, NULL),
(1299, 1, 53, '3434', '6467', 240, 0, NULL),
(1300, 1, 54, '7', '34', 240, 0, NULL),
(1301, 1, 55, '6464', '7667', 240, 0, NULL),
(1302, 1, 56, '466', '4976', 240, 0, NULL),
(1303, 1, 57, '4364', '4686', 240, 0, NULL),
(1304, 1, 58, '4646', '9898', 240, 0, NULL),
(1305, 1, 1, '86', '86', 240, 0, NULL),
(1306, 1, 2, '756', '863', 240, 0, NULL),
(1307, 1, 3, '456', '456856', 240, 0, NULL),
(1308, 1, 4, '756', '56', 240, 0, NULL),
(1309, 1, 5, '75', '566', 240, 0, NULL),
(1310, 1, 6, '856', '8667', 240, 0, NULL),
(1311, 1, 7, '785668555', '45698', 240, 0, NULL),
(1312, 1, 8, '7566', '856', 240, 0, NULL),
(1313, 1, 9, '756', '766', 240, 0, NULL),
(1314, 1, 10, '756', '866', 240, 0, NULL),
(1315, 1, 1, '555', '885', 295, 0, NULL),
(1316, 1, 2, '08', '089', 295, 0, NULL),
(1317, 1, 3, '989', '989', 295, 0, NULL),
(1318, 1, 4, '656', '989', 295, 0, NULL),
(1319, 1, 5, '686', '686', 295, 0, NULL),
(1320, 1, 6, '656', '989', 295, 0, NULL),
(1321, 1, 7, '866', '689', 295, 0, NULL),
(1322, 1, 8, '566', '9886', 295, 0, NULL),
(1323, 1, 9, '689', '866', 295, 0, NULL),
(1324, 1, 10, '88', '88', 295, 0, NULL),
(1325, 1, 11, '885', '88', 295, 0, NULL),
(1326, 1, 12, '58', '00', 295, 0, NULL),
(1327, 1, 13, '686', '686', 295, 0, NULL),
(1328, 1, 14, '956', '986', 295, 0, NULL),
(1329, 1, 15, '656', '9595', 295, 0, NULL),
(1330, 1, 16, '6464', '6464', 295, 0, NULL),
(1331, 1, 17, '56', '6868', 295, 0, NULL),
(1332, 1, 18, 'hd', '', 295, 0, NULL),
(1333, 1, 19, '55', '5656', 295, 0, NULL),
(1334, 1, 20, '273', '686', 295, 0, NULL),
(1335, 1, 21, '686', '68', 295, 0, NULL),
(1336, 1, 22, '58', '888', 295, 0, NULL),
(1337, 1, 23, '646', '686', 295, 0, NULL),
(1338, 1, 24, '888', '088', 295, 0, NULL),
(1339, 1, 25, '656', '98', 295, 0, NULL),
(1340, 1, 26, '686', '8668', 295, 0, NULL),
(1341, 1, 27, '656', '565', 295, 0, NULL),
(1342, 1, 28, '659', '98', 295, 0, NULL),
(1343, 1, 29, '5', '95', 295, 0, NULL),
(1344, 1, 30, '65', '5656', 295, 0, NULL),
(1345, 1, 31, '88', '08', 295, 0, NULL),
(1346, 1, 32, '65', '56', 295, 0, NULL),
(1347, 1, 33, '56', '65', 295, 0, NULL),
(1348, 1, 35, '4665', '8686', 295, 0, NULL),
(1349, 1, 36, '7986', '986', 295, 0, NULL),
(1350, 1, 37, '6776', '8968', 295, 0, NULL),
(1351, 1, 38, '98', '986', 295, 0, NULL),
(1352, 1, 39, '656', '5656', 295, 0, NULL),
(1353, 1, 40, '', '', 295, 0, NULL),
(1354, 1, 41, '', '', 295, 0, NULL),
(1355, 1, 42, '6586', '646', 295, 0, NULL),
(1356, 1, 43, '26', '5665', 295, 0, NULL),
(1357, 1, 44, '565', '8638', 295, 0, NULL),
(1358, 1, 45, '654', '8668', 295, 0, NULL),
(1359, 1, 46, '9468', '868', 295, 0, NULL),
(1360, 1, 47, '55', '55', 295, 0, NULL),
(1361, 1, 48, '58', '9898', 295, 0, NULL),
(1362, 1, 49, '542', '88', 295, 0, NULL),
(1363, 1, 50, '5568', '689', 295, 0, NULL),
(1364, 1, 51, '989', '9889', 295, 0, NULL),
(1365, 1, 52, '6565', '9868', 295, 0, NULL),
(1366, 1, 53, '565', '6868', 295, 0, NULL),
(1367, 1, 54, '555', '88', 295, 0, NULL),
(1368, 1, 55, '8889', '9898', 295, 0, NULL),
(1369, 1, 56, '7867', '898', 295, 0, NULL),
(1370, 1, 57, '4897', '8898', 295, 0, NULL),
(1371, 1, 58, '94', '98', 295, 0, NULL),
(1372, 1, 1, '555', '885', 295, 0, NULL),
(1373, 1, 2, '08', '089', 295, 0, NULL),
(1374, 1, 3, '989', '989', 295, 0, NULL),
(1375, 1, 4, '656', '989', 295, 0, NULL),
(1376, 1, 5, '686', '686', 295, 0, NULL),
(1377, 1, 6, '656', '989', 295, 0, NULL),
(1378, 1, 7, '866', '689', 295, 0, NULL),
(1379, 1, 8, '566', '9886', 295, 0, NULL),
(1380, 1, 9, '689', '866', 295, 0, NULL),
(1381, 1, 10, '88', '88', 295, 0, NULL),
(1382, 1, 11, '885', '88', 295, 0, NULL),
(1383, 1, 12, '58', '00', 295, 0, NULL),
(1384, 1, 13, '686', '686', 295, 0, NULL),
(1385, 1, 14, '956', '986', 295, 0, NULL),
(1386, 1, 15, '656', '9595', 295, 0, NULL),
(1387, 1, 16, '6464', '6464', 295, 0, NULL),
(1388, 1, 17, '56', '6868', 295, 0, NULL),
(1389, 1, 18, 'hd', '', 295, 0, NULL),
(1390, 1, 19, '55', '5656', 295, 0, NULL),
(1391, 1, 20, '273', '686', 295, 0, NULL),
(1392, 1, 21, '686', '68', 295, 0, NULL),
(1393, 1, 22, '58', '888', 295, 0, NULL),
(1394, 1, 23, '646', '686', 295, 0, NULL),
(1395, 1, 24, '888', '088', 295, 0, NULL),
(1396, 1, 25, '656', '98', 295, 0, NULL),
(1397, 1, 26, '686', '8668', 295, 0, NULL),
(1398, 1, 27, '656', '565', 295, 0, NULL),
(1399, 1, 28, '659', '98', 295, 0, NULL),
(1400, 1, 29, '5', '95', 295, 0, NULL),
(1401, 1, 30, '65', '5656', 295, 0, NULL),
(1402, 1, 31, '88', '08', 295, 0, NULL),
(1403, 1, 32, '65', '56', 295, 0, NULL),
(1404, 1, 33, '56', '65', 295, 0, NULL),
(1405, 1, 35, '4665', '8686', 295, 0, NULL),
(1406, 1, 36, '7986', '986', 295, 0, NULL),
(1407, 1, 37, '6776', '8968', 295, 0, NULL),
(1408, 1, 38, '98', '986', 295, 0, NULL),
(1409, 1, 39, '656', '5656', 295, 0, NULL),
(1410, 1, 40, '', '', 295, 0, NULL),
(1411, 1, 41, '', '', 295, 0, NULL),
(1412, 1, 42, '6586', '646', 295, 0, NULL),
(1413, 1, 43, '26', '5665', 295, 0, NULL),
(1414, 1, 44, '565', '8638', 295, 0, NULL),
(1415, 1, 45, '654', '8668', 295, 0, NULL),
(1416, 1, 46, '9468', '868', 295, 0, NULL),
(1417, 1, 47, '55', '55', 295, 0, NULL),
(1418, 1, 48, '58', '9898', 295, 0, NULL),
(1419, 1, 49, '542', '88', 295, 0, NULL),
(1420, 1, 50, '5568', '689', 295, 0, NULL),
(1421, 1, 51, '989', '9889', 295, 0, NULL),
(1422, 1, 52, '6565', '9868', 295, 0, NULL),
(1423, 1, 53, '565', '6868', 295, 0, NULL),
(1424, 1, 54, '555', '88', 295, 0, NULL),
(1425, 1, 55, '8889', '9898', 295, 0, NULL),
(1426, 1, 56, '7867', '898', 295, 0, NULL),
(1427, 1, 57, '4897', '8898', 295, 0, NULL),
(1428, 1, 58, '94', '98', 295, 0, NULL),
(1429, 12, 53, '876', '676', 296, 0, 46),
(1430, 12, 53, '876', '676', 296, 0, 46),
(1431, 12, 53, '876', '676', 296, 0, 46),
(1432, 12, 53, '876', '676', 296, 0, 46),
(1433, 17, 58, '08', '88', 297, 0, 47),
(1434, 17, 58, '47', '88', 298, 0, 48),
(1435, 17, 58, '11', '11', 300, 0, 50),
(1436, 17, 58, '11', '11', 300, 0, 50),
(1437, 16, 57, '7887', '88', 301, 0, 51),
(1438, 16, 57, '7887', '88', 301, 0, 51),
(1439, 16, 57, '7887', '88', 301, 0, 51),
(1440, 10, 46, '78', '8989', 305, 0, 55),
(1441, 17, 58, '77', '55', 306, 0, 56),
(1442, 17, 58, '77', '55', 306, 0, 56),
(1443, 17, 58, '988', '89', 312, 0, 62),
(1444, 17, 58, '988', '89', 312, 0, 62),
(1445, 16, 57, '494', '69', 315, 0, 65),
(1446, 1, 1, 'abc', '123', 319, 0, 71),
(1447, 1, 2, 'Hb ', '1', 319, 0, 71),
(1448, 2, 11, 'abc', '123', 319, 0, 71),
(1449, 2, 12, 'Hb ', '1', 319, 0, 71),
(1450, 1, 1, 'abc', '123', 320, 0, 72),
(1451, 1, 2, 'Hb ', '1', 320, 0, 72),
(1452, 2, 11, 'abc', '123', 320, 0, 72),
(1453, 2, 12, 'Hb ', '1', 320, 0, 72),
(1454, 1, 1, 'abc', '123', 321, 0, 73),
(1455, 1, 2, 'Hb ', '1', 321, 0, 73),
(1456, 2, 11, 'abc', '123', 321, 0, 73),
(1457, 2, 12, 'Hb ', '1', 321, 0, 73),
(1458, 1, 1, 'abc', '123', 322, 0, 74),
(1459, 1, 2, 'Hb ', '1', 322, 0, 74),
(1460, 2, 11, 'abc', '123', 322, 0, 74),
(1461, 2, 12, 'Hb ', '1', 322, 0, 74),
(1462, 1, 1, 'abc', '123', 323, 0, 75),
(1463, 1, 2, 'Hb ', '1', 323, 0, 75),
(1464, 2, 11, 'abc', '123', 323, 0, 75),
(1465, 2, 12, 'Hb ', '1', 323, 0, 75),
(1466, 1, 1, 'abc', '123', 324, 0, 77),
(1467, 1, 2, 'Hb ', '1', 324, 0, 77),
(1468, 2, 11, 'abc', '123', 324, 0, 77),
(1469, 2, 12, 'Hb ', '1', 324, 0, 77),
(1470, 1, 1, 'abc', '123', 325, 0, 78),
(1471, 1, 2, 'Hb ', '1', 325, 0, 78),
(1472, 2, 11, 'abc', '123', 325, 0, 78),
(1473, 2, 12, 'Hb ', '1', 325, 0, 78),
(1474, 1, 1, 'abc', '123', 327, 0, 79),
(1475, 1, 2, 'Hb ', '1', 327, 0, 79),
(1476, 2, 11, 'abc', '123', 327, 0, 79),
(1477, 2, 12, 'Hb ', '1', 327, 0, 79),
(1478, 1, 1, 'abc', '123', 332, 0, 80),
(1479, 1, 2, 'Hb ', '1', 332, 0, 80),
(1480, 2, 11, 'abc', '123', 332, 0, 80),
(1481, 2, 12, 'Hb ', '1', 332, 0, 80),
(1482, 1, 1, 'abc', '123', 333, 0, 81),
(1483, 1, 2, 'Hb ', '1', 333, 0, 81),
(1484, 2, 11, 'abc', '123', 333, 0, 81),
(1485, 2, 12, 'Hb ', '1', 333, 0, 81),
(1486, 1, 1, 'abc', '123', 335, 0, 83),
(1487, 1, 2, 'Hb ', '1', 335, 0, 83),
(1488, 2, 11, 'abc', '123', 335, 0, 83),
(1489, 2, 12, 'Hb ', '1', 335, 0, 83),
(1490, 1, 1, 'abc', '123', 336, 0, 84),
(1491, 1, 2, 'Hb ', '1', 336, 0, 84),
(1492, 2, 11, 'abc', '123', 336, 0, 84),
(1493, 2, 12, 'Hb ', '1', 336, 0, 84),
(1494, 1, 1, '8998', '59', 337, 0, 85),
(1495, 1, 2, '5656', '8998', 337, 0, 85),
(1496, 1, 3, '', '', 337, 0, 85),
(1497, 1, 4, '', '', 337, 0, 85),
(1498, 1, 5, '', '', 337, 0, 85),
(1499, 1, 6, '', '', 337, 0, 85),
(1500, 1, 7, '', '', 337, 0, 85),
(1501, 1, 8, '', '', 337, 0, 85),
(1502, 1, 9, '', '', 337, 0, 85),
(1503, 1, 10, '', '', 337, 0, 85),
(1504, 1, 22, '9595', '9898', 337, 0, 85),
(1505, 1, 23, '', '', 337, 0, 85),
(1506, 1, 24, '', '', 337, 0, 85),
(1507, 1, 25, '', '', 337, 0, 85),
(1508, 1, 26, '', '', 337, 0, 85),
(1509, 1, 27, '', '', 337, 0, 85),
(1510, 1, 28, '', '', 337, 0, 85),
(1511, 1, 29, '', '', 337, 0, 85),
(1512, 1, 30, '', '', 337, 0, 85),
(1513, 1, 1, '154', '55', 339, 0, 87),
(1514, 1, 2, '55', '559', 339, 0, 87),
(1515, 1, 3, '', '', 339, 0, 87),
(1516, 1, 4, '', '', 339, 0, 87),
(1517, 1, 5, '', '', 339, 0, 87),
(1518, 1, 6, '', '', 339, 0, 87),
(1519, 1, 7, '', '', 339, 0, 87),
(1520, 1, 8, '', '', 339, 0, 87),
(1521, 1, 9, '', '', 339, 0, 87),
(1522, 1, 10, '', '', 339, 0, 87),
(1523, 1, 11, '9494', '899', 339, 0, 87),
(1524, 1, 12, '', '', 339, 0, 87),
(1525, 1, 13, '', '', 339, 0, 87),
(1526, 1, 14, '', '', 339, 0, 87),
(1527, 1, 15, '', '', 339, 0, 87),
(1528, 1, 16, '', '', 339, 0, 87),
(1529, 1, 17, '', '', 339, 0, 87),
(1530, 1, 18, '', '', 339, 0, 87),
(1531, 1, 19, '', '', 339, 0, 87),
(1532, 1, 20, '', '', 339, 0, 87),
(1533, 1, 21, '', '', 339, 0, 87),
(1534, 1, 22, '', '', 339, 0, 87),
(1535, 1, 23, '', '', 339, 0, 87),
(1536, 1, 24, '', '', 339, 0, 87),
(1537, 1, 25, '', '', 339, 0, 87),
(1538, 1, 26, '', '', 339, 0, 87),
(1539, 1, 27, '', '', 339, 0, 87),
(1540, 1, 28, '', '', 339, 0, 87),
(1541, 1, 29, '', '', 339, 0, 87),
(1542, 1, 30, '', '', 339, 0, 87),
(1543, 1, 31, '', '', 339, 0, 87),
(1544, 1, 32, '', '', 339, 0, 87),
(1545, 1, 33, '', '', 339, 0, 87),
(1546, 1, 35, '', '', 339, 0, 87),
(1547, 1, 36, '', '', 339, 0, 87),
(1548, 1, 37, '', '', 339, 0, 87),
(1549, 1, 38, '', '', 339, 0, 87),
(1550, 1, 39, '', '', 339, 0, 87),
(1551, 1, 40, '', '', 339, 0, 87),
(1552, 1, 41, '', '', 339, 0, 87),
(1553, 1, 42, '', '', 339, 0, 87),
(1554, 1, 43, '', '', 339, 0, 87),
(1555, 1, 44, '', '', 339, 0, 87),
(1556, 1, 45, '', '', 339, 0, 87),
(1557, 1, 46, '', '', 339, 0, 87),
(1558, 1, 47, '', '', 339, 0, 87),
(1559, 1, 48, '', '', 339, 0, 87),
(1560, 1, 49, '', '', 339, 0, 87),
(1561, 1, 50, '', '', 339, 0, 87),
(1562, 1, 51, '', '', 339, 0, 87),
(1563, 1, 52, '', '', 339, 0, 87),
(1564, 1, 53, '', '', 339, 0, 87),
(1565, 1, 54, '', '', 339, 0, 87),
(1566, 1, 55, '', '', 339, 0, 87),
(1567, 1, 56, '', '', 339, 0, 87),
(1568, 1, 57, '', '', 339, 0, 87),
(1569, 1, 58, '', '', 339, 0, 87),
(1570, 1, 1, '', '', 341, 0, 89),
(1571, 1, 2, '', '', 341, 0, 89),
(1572, 1, 3, '', '', 341, 0, 89),
(1573, 1, 4, '', '', 341, 0, 89),
(1574, 1, 5, '', '', 341, 0, 89),
(1575, 1, 6, '', '', 341, 0, 89),
(1576, 1, 7, '', '', 341, 0, 89),
(1577, 1, 8, '', '', 341, 0, 89),
(1578, 1, 9, '', '', 341, 0, 89),
(1579, 1, 10, '', '', 341, 0, 89),
(1580, 1, 11, '', '', 341, 0, 89),
(1581, 1, 12, '', '', 341, 0, 89),
(1582, 1, 13, '', '', 341, 0, 89),
(1583, 1, 14, '', '', 341, 0, 89),
(1584, 1, 15, '', '', 341, 0, 89),
(1585, 1, 16, '', '', 341, 0, 89),
(1586, 1, 17, '', '', 341, 0, 89),
(1587, 1, 18, '', '', 341, 0, 89),
(1588, 1, 19, '', '', 341, 0, 89),
(1589, 1, 20, '', '', 341, 0, 89),
(1590, 1, 21, '', '', 341, 0, 89),
(1591, 1, 22, '', '', 341, 0, 89),
(1592, 1, 23, '', '', 341, 0, 89),
(1593, 1, 24, '', '', 341, 0, 89),
(1594, 1, 25, '', '', 341, 0, 89),
(1595, 1, 26, '', '', 341, 0, 89),
(1596, 1, 27, '', '', 341, 0, 89),
(1597, 1, 28, '', '', 341, 0, 89),
(1598, 1, 29, '', '', 341, 0, 89),
(1599, 1, 30, '', '', 341, 0, 89),
(1600, 1, 31, '', '', 341, 0, 89),
(1601, 1, 32, '', '', 341, 0, 89),
(1602, 1, 33, '', '', 341, 0, 89),
(1603, 1, 35, '', '', 341, 0, 89),
(1604, 1, 36, '', '', 341, 0, 89),
(1605, 1, 37, '', '', 341, 0, 89),
(1606, 1, 38, '', '', 341, 0, 89),
(1607, 1, 39, '', '', 341, 0, 89),
(1608, 1, 40, '', '', 341, 0, 89),
(1609, 1, 41, '', '', 341, 0, 89),
(1610, 1, 42, '7889', '889', 341, 0, 89),
(1611, 1, 43, '9495', '598998', 341, 0, 89),
(1612, 1, 44, '898', '9898', 341, 0, 89),
(1613, 1, 45, '', '', 341, 0, 89),
(1614, 1, 46, '', '', 341, 0, 89),
(1615, 1, 47, '', '', 341, 0, 89),
(1616, 1, 48, '', '', 341, 0, 89),
(1617, 1, 49, '', '', 341, 0, 89),
(1618, 1, 50, '', '', 341, 0, 89),
(1619, 1, 51, '', '', 341, 0, 89),
(1620, 1, 52, '', '', 341, 0, 89),
(1621, 1, 53, '', '', 341, 0, 89),
(1622, 1, 54, '', '', 341, 0, 89),
(1623, 1, 55, '', '', 341, 0, 89),
(1624, 1, 56, '', '', 341, 0, 89),
(1625, 1, 57, '', '', 341, 0, 89),
(1626, 1, 58, '', '', 341, 0, 89),
(1627, 1, 1, '', '', 342, 0, 90),
(1628, 1, 2, '', '', 342, 0, 90),
(1629, 1, 3, '', '', 342, 0, 90),
(1630, 1, 4, '', '', 342, 0, 90),
(1631, 1, 5, '', '', 342, 0, 90),
(1632, 1, 6, '', '', 342, 0, 90),
(1633, 1, 7, '', '', 342, 0, 90),
(1634, 1, 8, '', '', 342, 0, 90),
(1635, 1, 9, '', '', 342, 0, 90),
(1636, 1, 10, '', '', 342, 0, 90),
(1637, 1, 11, '', '', 342, 0, 90),
(1638, 1, 12, '', '', 342, 0, 90),
(1639, 1, 13, '', '', 342, 0, 90),
(1640, 1, 14, '', '', 342, 0, 90),
(1641, 1, 15, '', '', 342, 0, 90),
(1642, 1, 16, '', '', 342, 0, 90),
(1643, 1, 17, '', '', 342, 0, 90),
(1644, 1, 18, '', '', 342, 0, 90),
(1645, 1, 19, '', '', 342, 0, 90),
(1646, 1, 20, '', '', 342, 0, 90),
(1647, 1, 21, '', '', 342, 0, 90),
(1648, 1, 1, '785', '868', 347, 0, 95),
(1649, 1, 2, '', '', 347, 0, 95),
(1650, 1, 3, '', '', 347, 0, 95),
(1651, 1, 4, '', '', 347, 0, 95),
(1652, 1, 5, '', '', 347, 0, 95),
(1653, 1, 6, '', '', 347, 0, 95),
(1654, 1, 7, '', '', 347, 0, 95),
(1655, 1, 8, '', '', 347, 0, 95),
(1656, 1, 9, '', '', 347, 0, 95),
(1657, 1, 10, '', '', 347, 0, 95),
(1658, 1, 11, '535', '656', 347, 0, 95),
(1659, 1, 12, '', '', 347, 0, 95),
(1660, 1, 13, '', '', 347, 0, 95),
(1661, 1, 14, '', '', 347, 0, 95),
(1662, 1, 15, '', '', 347, 0, 95),
(1663, 1, 16, '', '', 347, 0, 95),
(1664, 1, 17, '', '', 347, 0, 95),
(1665, 1, 18, '', '', 347, 0, 95),
(1666, 1, 19, '', '', 347, 0, 95),
(1667, 1, 20, '', '', 347, 0, 95),
(1668, 1, 21, '', '', 347, 0, 95),
(1669, 1, 22, '6465', '6886', 347, 0, 95),
(1670, 1, 23, '', '', 347, 0, 95),
(1671, 1, 24, '', '', 347, 0, 95),
(1672, 1, 25, '', '', 347, 0, 95),
(1673, 1, 26, '', '', 347, 0, 95),
(1674, 1, 27, '', '', 347, 0, 95),
(1675, 1, 28, '', '', 347, 0, 95),
(1676, 1, 29, '', '', 347, 0, 95),
(1677, 1, 30, '', '', 347, 0, 95),
(1678, 1, 31, '', '', 347, 0, 95),
(1679, 1, 32, '', '', 347, 0, 95),
(1680, 1, 33, '', '', 347, 0, 95),
(1681, 1, 35, '', '', 347, 0, 95),
(1682, 1, 36, '', '', 347, 0, 95),
(1683, 1, 37, '', '', 347, 0, 95),
(1684, 1, 38, '', '', 347, 0, 95),
(1685, 1, 39, '', '', 347, 0, 95),
(1686, 1, 40, '', '', 347, 0, 95),
(1687, 1, 41, '', '', 347, 0, 95),
(1688, 1, 42, '', '', 347, 0, 95),
(1689, 1, 43, '', '', 347, 0, 95),
(1690, 1, 44, '', '', 347, 0, 95),
(1691, 1, 45, '', '', 347, 0, 95),
(1692, 1, 46, '', '', 347, 0, 95),
(1693, 1, 47, '', '', 347, 0, 95),
(1694, 1, 48, '', '', 347, 0, 95),
(1695, 1, 49, '', '', 347, 0, 95),
(1696, 1, 50, '', '', 347, 0, 95),
(1697, 1, 51, '', '', 347, 0, 95),
(1698, 1, 52, '', '', 347, 0, 95),
(1699, 1, 53, '', '', 347, 0, 95),
(1700, 1, 54, '', '', 347, 0, 95),
(1701, 1, 55, '', '', 347, 0, 95),
(1702, 1, 56, '', '', 347, 0, 95),
(1703, 1, 57, '', '', 347, 0, 95),
(1704, 1, 58, '', '', 347, 0, 95),
(1705, 1, 1, '', '', 348, 0, 96),
(1706, 1, 2, '', '', 348, 0, 96),
(1707, 1, 3, '', '', 348, 0, 96),
(1708, 1, 4, '', '', 348, 0, 96),
(1709, 1, 5, '', '', 348, 0, 96),
(1710, 1, 6, '', '', 348, 0, 96),
(1711, 1, 7, '', '', 348, 0, 96),
(1712, 1, 8, '', '', 348, 0, 96),
(1713, 1, 9, '', '', 348, 0, 96),
(1714, 1, 10, '', '', 348, 0, 96),
(1715, 1, 11, '', '', 348, 0, 96),
(1716, 1, 12, '', '', 348, 0, 96),
(1717, 1, 13, '', '', 348, 0, 96),
(1718, 1, 14, '', '', 348, 0, 96),
(1719, 1, 15, '', '', 348, 0, 96),
(1720, 1, 16, '', '', 348, 0, 96),
(1721, 1, 17, '', '', 348, 0, 96),
(1722, 1, 18, '', '', 348, 0, 96),
(1723, 1, 19, '', '', 348, 0, 96),
(1724, 1, 20, '', '', 348, 0, 96),
(1725, 1, 21, '', '', 348, 0, 96),
(1726, 1, 22, '', '', 348, 0, 96),
(1727, 1, 23, '', '', 348, 0, 96),
(1728, 1, 24, '', '', 348, 0, 96),
(1729, 1, 25, '', '', 348, 0, 96),
(1730, 1, 26, '', '', 348, 0, 96),
(1731, 1, 27, '', '', 348, 0, 96),
(1732, 1, 28, '', '', 348, 0, 96),
(1733, 1, 29, '', '', 348, 0, 96),
(1734, 1, 30, '', '', 348, 0, 96),
(1735, 1, 31, '', '', 348, 0, 96),
(1736, 1, 32, '', '', 348, 0, 96),
(1737, 1, 33, '', '', 348, 0, 96),
(1738, 1, 35, '', '', 348, 0, 96),
(1739, 1, 36, '', '', 348, 0, 96),
(1740, 1, 37, '', '', 348, 0, 96),
(1741, 1, 38, '', '', 348, 0, 96),
(1742, 1, 39, '', '', 348, 0, 96),
(1743, 1, 40, '', '', 348, 0, 96),
(1744, 1, 41, '', '', 348, 0, 96),
(1745, 1, 42, '', '', 348, 0, 96),
(1746, 1, 43, '', '', 348, 0, 96),
(1747, 1, 44, '', '', 348, 0, 96),
(1748, 1, 45, '', '', 348, 0, 96),
(1749, 1, 46, '', '', 348, 0, 96),
(1750, 1, 47, '', '', 348, 0, 96),
(1751, 1, 48, '', '', 348, 0, 96),
(1752, 1, 49, '', '', 348, 0, 96),
(1753, 1, 50, '', '', 348, 0, 96),
(1754, 1, 51, '', '', 348, 0, 96),
(1755, 1, 52, '', '', 348, 0, 96),
(1756, 1, 53, '', '', 348, 0, 96),
(1757, 1, 54, '', '', 348, 0, 96),
(1758, 1, 55, '', '', 348, 0, 96),
(1759, 1, 56, '', '', 348, 0, 96),
(1760, 1, 57, '', '', 348, 0, 96),
(1761, 1, 58, '77', '33', 348, 0, 96),
(1762, 4, 31, '', '', 350, 0, 97),
(1763, 4, 32, '', '', 350, 0, 97),
(1764, 4, 33, '', '', 350, 0, 97),
(1765, 4, 31, '', '', 350, 0, 97),
(1766, 4, 32, '', '', 350, 0, 97),
(1767, 4, 33, '', '', 350, 0, 97),
(1768, 1, 1, '9797', '898649', 352, 0, 99),
(1769, 1, 2, '', '', 352, 0, 99),
(1770, 1, 3, '464', '868', 352, 0, 99),
(1771, 1, 4, '', '', 352, 0, 99),
(1772, 1, 5, '', '', 352, 0, 99),
(1773, 1, 6, '', '', 352, 0, 99),
(1774, 1, 7, '', '', 352, 0, 99),
(1775, 1, 8, '', '', 352, 0, 99),
(1776, 1, 9, '', '', 352, 0, 99),
(1777, 1, 10, '', '', 352, 0, 99),
(1778, 1, 11, '', '', 352, 0, 99),
(1779, 1, 12, '565', '8686', 352, 0, 99),
(1780, 1, 13, '', '', 352, 0, 99),
(1781, 1, 14, '', '', 352, 0, 99),
(1782, 1, 15, '', '', 352, 0, 99),
(1783, 1, 16, '', '', 352, 0, 99),
(1784, 1, 17, '', '', 352, 0, 99),
(1785, 1, 18, '', '', 352, 0, 99),
(1786, 1, 19, '', '', 352, 0, 99),
(1787, 1, 20, '', '', 352, 0, 99),
(1788, 1, 21, '', '', 352, 0, 99),
(1789, 1, 22, '', '', 352, 0, 99),
(1790, 1, 23, '', '', 352, 0, 99),
(1791, 1, 24, '', '', 352, 0, 99),
(1792, 1, 25, '', '', 352, 0, 99),
(1793, 1, 26, '', '', 352, 0, 99),
(1794, 1, 27, '', '', 352, 0, 99),
(1795, 1, 28, '', '', 352, 0, 99),
(1796, 1, 29, '', '', 352, 0, 99),
(1797, 1, 30, '', '', 352, 0, 99),
(1798, 1, 31, '4653', '8686', 352, 0, 99),
(1799, 1, 32, '', '', 352, 0, 99),
(1800, 1, 33, '', '', 352, 0, 99),
(1801, 1, 35, '', '', 352, 0, 99),
(1802, 1, 36, '', '', 352, 0, 99),
(1803, 1, 37, '', '', 352, 0, 99),
(1804, 1, 38, '', '', 352, 0, 99),
(1805, 1, 39, '', '', 352, 0, 99),
(1806, 1, 40, '', '', 352, 0, 99),
(1807, 1, 41, '', '', 352, 0, 99),
(1808, 1, 42, '', '', 352, 0, 99),
(1809, 1, 43, '', '', 352, 0, 99),
(1810, 1, 44, '', '', 352, 0, 99),
(1811, 1, 45, '', '', 352, 0, 99),
(1812, 1, 46, '', '', 352, 0, 99),
(1813, 1, 47, '', '', 352, 0, 99),
(1814, 1, 48, '', '', 352, 0, 99),
(1815, 1, 49, '', '', 352, 0, 99),
(1816, 1, 50, '', '', 352, 0, 99),
(1817, 1, 51, '', '', 352, 0, 99),
(1818, 1, 52, '', '', 352, 0, 99),
(1819, 1, 53, '', '', 352, 0, 99),
(1820, 1, 54, '8686', '8686', 352, 0, 99),
(1821, 1, 55, '', '', 352, 0, 99),
(1822, 1, 56, '', '', 352, 0, 99),
(1823, 1, 57, '', '', 352, 0, 99),
(1824, 1, 58, '', '', 352, 0, 99),
(1825, 1, 1, '44', '55', 354, 0, 101),
(1826, 1, 2, '', '', 354, 0, 101),
(1827, 1, 3, '', '', 354, 0, 101),
(1828, 1, 4, '', '', 354, 0, 101),
(1829, 1, 5, '', '', 354, 0, 101),
(1830, 1, 6, '', '', 354, 0, 101),
(1831, 1, 7, '', '', 354, 0, 101),
(1832, 1, 8, '', '', 354, 0, 101),
(1833, 1, 9, '', '', 354, 0, 101),
(1834, 1, 10, '', '', 354, 0, 101),
(1835, 1, 11, '', '', 354, 0, 101),
(1836, 1, 12, '', '', 354, 0, 101),
(1837, 1, 13, '', '', 354, 0, 101),
(1838, 1, 14, '', '', 354, 0, 101),
(1839, 1, 15, '', '', 354, 0, 101),
(1840, 1, 16, '', '', 354, 0, 101),
(1841, 1, 17, '', '', 354, 0, 101),
(1842, 1, 18, '', '', 354, 0, 101),
(1843, 1, 19, '', '', 354, 0, 101),
(1844, 1, 20, '', '', 354, 0, 101),
(1845, 1, 21, '', '', 354, 0, 101),
(1846, 1, 22, '', '', 354, 0, 101),
(1847, 1, 23, '', '', 354, 0, 101),
(1848, 1, 24, '', '', 354, 0, 101),
(1849, 1, 25, '', '', 354, 0, 101),
(1850, 1, 26, '', '', 354, 0, 101),
(1851, 1, 27, '', '', 354, 0, 101),
(1852, 1, 28, '', '', 354, 0, 101),
(1853, 1, 29, '', '', 354, 0, 101),
(1854, 1, 30, '', '', 354, 0, 101),
(1855, 1, 31, '', '', 354, 0, 101),
(1856, 1, 32, '', '', 354, 0, 101),
(1857, 1, 33, '', '', 354, 0, 101),
(1858, 1, 35, '', '', 354, 0, 101),
(1859, 1, 36, '', '', 354, 0, 101),
(1860, 1, 37, '', '', 354, 0, 101),
(1861, 1, 38, '', '', 354, 0, 101),
(1862, 1, 39, '', '', 354, 0, 101),
(1863, 1, 40, '', '', 354, 0, 101),
(1864, 1, 41, '', '', 354, 0, 101),
(1865, 1, 42, '', '', 354, 0, 101),
(1866, 1, 43, '', '', 354, 0, 101),
(1867, 1, 44, '', '', 354, 0, 101),
(1868, 1, 45, '', '', 354, 0, 101),
(1869, 1, 46, '', '', 354, 0, 101),
(1870, 1, 47, '', '', 354, 0, 101),
(1871, 1, 48, '', '', 354, 0, 101),
(1872, 1, 49, '', '', 354, 0, 101),
(1873, 1, 50, '', '', 354, 0, 101),
(1874, 1, 51, '', '', 354, 0, 101),
(1875, 1, 52, '', '', 354, 0, 101),
(1876, 1, 53, '', '', 354, 0, 101),
(1877, 1, 54, '', '', 354, 0, 101),
(1878, 1, 55, '25', '36', 354, 0, 101),
(1879, 1, 56, '', '', 354, 0, 101),
(1880, 1, 57, '', '', 354, 0, 101),
(1881, 1, 58, '', '', 354, 0, 101),
(1882, 1, 1, '', '', 358, 0, 104),
(1883, 1, 2, '', '', 358, 0, 104),
(1884, 1, 3, '', '', 358, 0, 104),
(1885, 1, 4, '', '', 358, 0, 104),
(1886, 1, 5, '', '', 358, 0, 104),
(1887, 1, 6, '', '', 358, 0, 104),
(1888, 1, 7, '', '', 358, 0, 104),
(1889, 1, 8, '', '', 358, 0, 104),
(1890, 1, 9, '', '', 358, 0, 104),
(1891, 1, 10, '', '', 358, 0, 104),
(1892, 1, 11, '', '', 358, 0, 104),
(1893, 1, 12, '', '', 358, 0, 104),
(1894, 1, 13, '', '', 358, 0, 104),
(1895, 1, 14, '', '', 358, 0, 104),
(1896, 1, 15, '', '', 358, 0, 104),
(1897, 1, 16, '', '', 358, 0, 104),
(1898, 1, 17, '', '', 358, 0, 104),
(1899, 1, 18, '', '', 358, 0, 104),
(1900, 1, 19, '', '', 358, 0, 104),
(1901, 1, 20, '', '', 358, 0, 104),
(1902, 1, 21, '', '', 358, 0, 104),
(1903, 1, 22, '', '', 358, 0, 104),
(1904, 1, 23, '', '', 358, 0, 104),
(1905, 1, 24, '', '', 358, 0, 104),
(1906, 1, 25, '', '', 358, 0, 104),
(1907, 1, 26, '', '', 358, 0, 104),
(1908, 1, 27, '', '', 358, 0, 104),
(1909, 1, 28, '', '', 358, 0, 104),
(1910, 1, 29, '', '', 358, 0, 104),
(1911, 1, 30, '', '', 358, 0, 104),
(1912, 1, 31, '', '', 358, 0, 104),
(1913, 1, 32, '', '', 358, 0, 104),
(1914, 1, 33, '', '', 358, 0, 104),
(1915, 1, 35, '', '', 358, 0, 104),
(1916, 1, 36, '', '', 358, 0, 104),
(1917, 1, 37, '', '', 358, 0, 104),
(1918, 1, 38, '', '', 358, 0, 104),
(1919, 1, 39, '', '', 358, 0, 104),
(1920, 1, 40, '', '', 358, 0, 104),
(1921, 1, 41, '', '', 358, 0, 104),
(1922, 1, 42, '', '', 358, 0, 104),
(1923, 1, 43, '', '', 358, 0, 104),
(1924, 1, 44, '', '', 358, 0, 104),
(1925, 1, 45, '', '', 358, 0, 104),
(1926, 1, 46, '', '', 358, 0, 104),
(1927, 1, 47, '', '', 358, 0, 104),
(1928, 1, 48, '', '', 358, 0, 104),
(1929, 1, 49, '', '', 358, 0, 104),
(1930, 1, 50, '', '', 358, 0, 104),
(1931, 1, 51, '', '', 358, 0, 104),
(1932, 1, 52, '', '', 358, 0, 104),
(1933, 1, 53, '', '', 358, 0, 104),
(1934, 1, 54, '', '', 358, 0, 104),
(1935, 1, 55, '', '', 358, 0, 104),
(1936, 1, 56, '', '', 358, 0, 104),
(1937, 1, 57, '', '', 358, 0, 104),
(1938, 1, 58, '54', '65', 358, 0, 104),
(1939, 1, 1, '', '', 359, 0, 105),
(1940, 1, 2, '', '', 359, 0, 105),
(1941, 1, 3, '', '', 359, 0, 105),
(1942, 1, 4, '', '', 359, 0, 105),
(1943, 1, 5, '', '', 359, 0, 105),
(1944, 1, 6, '', '', 359, 0, 105),
(1945, 1, 7, '', '', 359, 0, 105),
(1946, 1, 8, '', '', 359, 0, 105),
(1947, 1, 9, '', '', 359, 0, 105),
(1948, 1, 10, '', '', 359, 0, 105),
(1949, 1, 11, '', '', 359, 0, 105),
(1950, 1, 12, '', '', 359, 0, 105),
(1951, 1, 13, '', '', 359, 0, 105),
(1952, 1, 14, '', '', 359, 0, 105),
(1953, 1, 15, '', '', 359, 0, 105),
(1954, 1, 16, '', '', 359, 0, 105),
(1955, 1, 17, '', '', 359, 0, 105),
(1956, 1, 18, '', '', 359, 0, 105),
(1957, 1, 19, '', '', 359, 0, 105),
(1958, 1, 20, '', '', 359, 0, 105),
(1959, 1, 21, '', '', 359, 0, 105),
(1960, 1, 22, '', '', 359, 0, 105),
(1961, 1, 23, '', '', 359, 0, 105),
(1962, 1, 24, '', '', 359, 0, 105),
(1963, 1, 25, '', '', 359, 0, 105),
(1964, 1, 26, '', '', 359, 0, 105),
(1965, 1, 27, '', '', 359, 0, 105),
(1966, 1, 28, '', '', 359, 0, 105),
(1967, 1, 29, '', '', 359, 0, 105),
(1968, 1, 30, '', '', 359, 0, 105),
(1969, 1, 31, '', '', 359, 0, 105),
(1970, 1, 32, '', '', 359, 0, 105),
(1971, 1, 33, '', '', 359, 0, 105),
(1972, 1, 35, '', '', 359, 0, 105),
(1973, 1, 36, '', '', 359, 0, 105),
(1974, 1, 37, '', '', 359, 0, 105),
(1975, 1, 38, '', '', 359, 0, 105),
(1976, 1, 39, '', '', 359, 0, 105),
(1977, 1, 40, '', '', 359, 0, 105),
(1978, 1, 41, '', '', 359, 0, 105),
(1979, 1, 42, '', '', 359, 0, 105),
(1980, 1, 43, '', '', 359, 0, 105),
(1981, 1, 44, '', '', 359, 0, 105),
(1982, 1, 45, '', '', 359, 0, 105),
(1983, 1, 46, '', '', 359, 0, 105),
(1984, 1, 47, '', '', 359, 0, 105),
(1985, 1, 48, '', '', 359, 0, 105),
(1986, 1, 49, '', '', 359, 0, 105),
(1987, 1, 50, '', '', 359, 0, 105),
(1988, 1, 51, '', '', 359, 0, 105),
(1989, 1, 52, '', '', 359, 0, 105),
(1990, 1, 53, '', '', 359, 0, 105),
(1991, 1, 54, '', '', 359, 0, 105),
(1992, 1, 55, '', '', 359, 0, 105),
(1993, 1, 56, '', '', 359, 0, 105),
(1994, 1, 57, '', '', 359, 0, 105),
(1995, 1, 58, '74', '33', 359, 0, 105),
(1996, 11, 47, '1', '', 360, 0, 106),
(1997, 11, 48, '', '', 360, 0, 106),
(1998, 11, 49, '', '', 360, 0, 106),
(1999, 11, 50, '', '', 360, 0, 106),
(2000, 11, 51, '', '', 360, 0, 106),
(2001, 11, 52, '', '', 360, 0, 106),
(2002, 1, 1, '', '', 361, 0, 107),
(2003, 1, 2, '', '', 361, 0, 107),
(2004, 1, 3, '', '', 361, 0, 107),
(2005, 1, 4, '', '', 361, 0, 107),
(2006, 1, 5, '', '', 361, 0, 107),
(2007, 1, 6, '', '', 361, 0, 107),
(2008, 1, 7, '', '', 361, 0, 107),
(2009, 1, 8, '', '', 361, 0, 107),
(2010, 1, 9, '', '', 361, 0, 107),
(2011, 1, 10, '', '', 361, 0, 107),
(2012, 1, 11, '', '', 361, 0, 107),
(2013, 1, 12, '', '', 361, 0, 107),
(2014, 1, 13, '', '', 361, 0, 107),
(2015, 1, 14, '', '', 361, 0, 107),
(2016, 1, 15, '', '', 361, 0, 107),
(2017, 1, 16, '', '', 361, 0, 107),
(2018, 1, 17, '', '', 361, 0, 107),
(2019, 1, 18, '', '', 361, 0, 107),
(2020, 1, 19, '', '', 361, 0, 107),
(2021, 1, 20, '', '', 361, 0, 107),
(2022, 1, 21, '', '', 361, 0, 107),
(2023, 1, 22, '', '', 361, 0, 107),
(2024, 1, 23, '', '', 361, 0, 107),
(2025, 1, 24, '', '', 361, 0, 107),
(2026, 1, 25, '', '', 361, 0, 107),
(2027, 1, 26, '', '', 361, 0, 107),
(2028, 1, 27, '', '', 361, 0, 107),
(2029, 1, 28, '', '', 361, 0, 107),
(2030, 1, 29, '', '', 361, 0, 107),
(2031, 1, 30, '', '', 361, 0, 107),
(2032, 1, 31, '', '', 361, 0, 107),
(2033, 1, 32, '', '', 361, 0, 107),
(2034, 1, 33, '', '', 361, 0, 107),
(2035, 1, 35, '', '', 361, 0, 107),
(2036, 1, 36, '', '', 361, 0, 107),
(2037, 1, 37, '', '', 361, 0, 107),
(2038, 1, 38, '', '', 361, 0, 107),
(2039, 1, 39, '', '', 361, 0, 107),
(2040, 1, 40, '', '', 361, 0, 107),
(2041, 1, 41, '', '', 361, 0, 107),
(2042, 1, 42, '', '', 361, 0, 107),
(2043, 1, 43, '', '', 361, 0, 107),
(2044, 1, 44, '', '', 361, 0, 107),
(2045, 1, 45, '', '', 361, 0, 107),
(2046, 1, 46, '', '', 361, 0, 107),
(2047, 1, 47, '', '', 361, 0, 107),
(2048, 1, 48, '', '', 361, 0, 107),
(2049, 1, 49, '', '', 361, 0, 107),
(2050, 1, 50, '', '', 361, 0, 107),
(2051, 1, 51, '', '', 361, 0, 107),
(2052, 1, 52, '', '', 361, 0, 107),
(2053, 1, 53, '', '', 361, 0, 107),
(2054, 1, 54, '', '', 361, 0, 107),
(2055, 1, 55, '', '', 361, 0, 107),
(2056, 1, 56, '', '', 361, 0, 107),
(2057, 1, 57, '', '', 361, 0, 107),
(2058, 1, 58, '77', '33', 361, 0, 107);

-- --------------------------------------------------------

--
-- Table structure for table `medicalconditionmaster`
--

CREATE TABLE IF NOT EXISTS `medicalconditionmaster` (
  `id` int(11) NOT NULL AUTO_INCREMENT,
  `chiefcomplaints1` text,
  `chiefcomplaints2` text,
  `chiefcomplaints3` text,
  `briefHistory1` text,
  `briefHistory2` text,
  `briefHistory3` text,
  `investigation` enum('Y','N','DN','') NOT NULL,
  `tratementtaken` enum('Y','N','DN','') NOT NULL,
  `anyimprovement` enum('Y','N','DN','') NOT NULL,
  `diagnosys` text,
  `patient_id` bigint(20) NOT NULL,
  `registrationid` text NOT NULL,
  `visit_master_id` int(11) DEFAULT NULL,
  PRIMARY KEY (`id`)
) ENGINE=InnoDB  DEFAULT CHARSET=latin1 AUTO_INCREMENT=196 ;

--
-- Dumping data for table `medicalconditionmaster`
--

INSERT INTO `medicalconditionmaster` (`id`, `chiefcomplaints1`, `chiefcomplaints2`, `chiefcomplaints3`, `briefHistory1`, `briefHistory2`, `briefHistory3`, `investigation`, `tratementtaken`, `anyimprovement`, `diagnosys`, `patient_id`, `registrationid`, `visit_master_id`) VALUES
(17, 'hsgs', '', 'gsvs', 'hshs', 'hshs', '', 'Y', 'N', 'Y', '', 26, 'rpm-5a75b4e11a8b8', NULL),
(18, 'Fgh', 'Fgjj', 'Fhh', 'Fgh', 'Cvh', 'Cgh', 'DN', 'DN', 'DN', '', 27, 'rpm-5a75b59cb30fb', NULL),
(19, 'bshxbxwbbx', 'bdbxhdh', 'bsjzusu', 'vs xbx', 'vsbh', 'gzbdb', 'Y', 'Y', 'Y', 'Speech Defects', 28, 'rpm-5a75bb0e56a01', NULL),
(20, '', '', '', '', '', '', '', '', '', '', 30, 'rpm-5a784f4a796fc', NULL),
(21, '', '', '', '', '', '', '', '', '', '', 32, 'rpm-5a784f9e65eda', NULL),
(22, '', '', '', '', '', '', 'Y', '', '', '', 34, 'rpm-5a827f24a4a2c', NULL),
(23, '', '', '', '', '', '', '', '', '', '', 35, 'rpm-5a82802c7b5fd', NULL),
(24, '', '', '', '', '', '', '', '', '', '', 36, 'rpm-5a82812d74214', NULL),
(25, '', '', '', '', '', '', 'Y', '', '', '', 39, 'rpm-5a82867bd18df', NULL),
(26, '', '', '', '', '', '', 'Y', 'Y', '', '', 38, 'rpm-5a828678a640c', NULL),
(27, '', '', '', '', '', '', '', '', '', '', 40, 'rpm-5a8287679a050', NULL),
(28, '', '', '', '', '', '', '', '', '', '', 42, 'rpm-5a8289f8e0ea7', NULL),
(29, '', '', '', '', '', '', '', '', '', '', 44, 'rpm-5a82d58e01d27', NULL),
(30, '', '', '', '', '', '', '', '', '', '', 45, 'rpm-5a83cf692b651', NULL),
(31, '', '', '', '', '', '', '', '', '', '', 46, 'rpm-5a84952304183', NULL),
(32, '', '', '', '', '', '', '', '', '', '', 49, 'rpm-5a8d37cbb7454', NULL),
(33, 'hi fj', 'hj cjfjck', 'jcjcjf', 'mvkvk', 'kckvkh', 'mvmvk', 'Y', 'Y', 'Y', '', 52, 'rpm-5a90215e885c8', NULL),
(34, '', '', '', '', '', '', '', '', '', '', 53, 'rpm-5a9022f63c676', NULL),
(35, '', '', '', '', '', '', '', '', '', '', 54, 'rpm-5a90236fe62e5', NULL),
(36, '', '', '', '', '', '', '', '', '', '', 57, 'rpm-5a982dae874f3', NULL),
(37, '', '', '', '', '', '', '', '', '', '', 58, 'rpm-5a982ee2f26fc', NULL),
(38, '', '', '', '', '', '', '', '', '', '', 61, 'rpm-5a9bab677f9ca', NULL),
(39, '', '', '', '', '', '', '', '', '', '', 102, 'rpm-5a9d51ea17658', NULL),
(40, '', '', '', '', '', '', '', '', '', '', 104, 'rpm-5a9d544f19994', NULL),
(41, '', '', '', '', '', '', '', '', '', '', 109, 'rpm-5a9e509d0290f', NULL),
(42, '', '', '', '', '', '', '', '', '', '', 110, 'rpm-5a9e535d732aa', NULL),
(43, '', '', '', '', '', '', '', '', '', '', 111, 'rpm-5a9e5459db340', NULL),
(44, '', '', '', '', '', '', '', '', '', '', 112, 'rpm-5a9e5515d5c0d', NULL),
(45, '', '', '', '', '', '', '', '', '', '', 113, 'rpm-5a9e55445c023', NULL),
(46, '', '', '', '', '', '', '', '', '', '', 114, 'rpm-5a9e5583c7bf1', NULL),
(47, '', '', '', '', '', '', '', '', '', '', 115, 'rpm-5a9e5a333fa03', NULL),
(48, '', '', '', '', '', '', '', '', '', '', 116, 'rpm-5a9e5acea39e3', NULL),
(49, '', '', '', '', '', '', '', '', '', '', 117, 'rpm-5a9e5b91d5b15', NULL),
(50, '', '', '', '', '', '', '', '', '', '', 118, 'rpm-5a9e61e8b4315', NULL),
(51, '', '', '', '', '', '', '', '', '', '', 119, 'rpm-5a9e62b66bc0d', NULL),
(52, '', '', '', '', '', '', '', '', '', '', 121, 'rpm-5a9e6475e9691', NULL),
(53, '', '', '', '', '', '', '', '', '', '', 122, 'rpm-5a9e648f436d1', NULL),
(54, '', '', '', '', '', '', '', '', '', '', 124, 'rpm-5a9e6791ecbd4', NULL),
(55, '', '', '', '', '', '', '', '', '', '', 126, 'rpm-5a9f88198352a', NULL),
(56, '', '', '', '', '', '', '', '', '', '', 128, 'rpm-5a9f89a058e9b', NULL),
(57, '', '', '', '', '', '', '', '', '', '', 129, 'rpm-5a9f8a5a8688f', NULL),
(58, '', '', '', '', '', '', '', '', '', '', 130, 'rpm-5a9f8be20d309', NULL),
(59, '', '', '', '', '', '', '', '', '', '', 131, 'rpm-5a9f8c3520e7a', NULL),
(60, '', '', '', '', '', '', '', '', '', '', 132, 'rpm-5a9f8e3eb3365', NULL),
(61, '', '', '', '', '', '', '', '', '', '', 133, 'rpm-5a9f919153561', NULL),
(62, '', '', '', '', '', '', '', '', '', '', 134, 'rpm-5a9f92502e933', NULL),
(63, '', '', '', '', '', '', '', '', '', '', 135, 'rpm-5a9f9f5edce93', NULL),
(64, '', '', '', '', '', '', '', '', '', '', 136, 'rpm-5a9f9fc2d138e', NULL),
(65, '', '', '', '', '', '', '', '', '', '', 137, 'rpm-5a9fc50b25fb6', NULL),
(66, 'abc', 'asd', 'ga ga b', 'add vsbs', 'sbsbf', 'bsbsnd', '', '', '', '', 138, 'rpm-5a9fc5897dd0a', NULL),
(67, 'df', 'St dd', 'dd hd g', '', '', 'hd hd', '', '', '', '', 139, 'rpm-5a9fc66540846', NULL),
(68, '', '', '', '', '', '', '', '', '', '', 141, 'rpm-5a9fcbf945bb1', NULL),
(69, 'Djkv', 'Dhhghj', 'Cjknv', 'Fyuhh', 'Fhuh', 'Dyuh', 'N', 'N', 'DN', 'Substance Use Disorders', 142, 'rpm-5aa7dc15eb8da', NULL),
(70, 'Djdn', 'Djdj', 'Dndn\n', 'Djdj', 'Dhdj', 'Fjdj\n', 'Y', 'Y', 'Y', 'Childhood Obesity', 143, 'rpm-5aa7ed0915955', NULL),
(71, '', '', '', '', '', '', '', '', '', '', 146, 'rpm-5aa8e096ad9e1', NULL),
(72, '', '', '', '', '', '', '', '', '', '', 149, 'rpm-5aa8e81d885c5', NULL),
(73, '', '', '', '', '', '', '', '', '', '', 150, 'rpm-5aa8e884b37d4', NULL),
(74, '', '', '', '', '', '', '', '', '', '', 152, 'rpm-5aa8e9121c37f', NULL),
(75, '', '', '', '', '', '', '', '', '', '', 154, 'rpm-5aa8e9a921731', NULL),
(76, '', '', '', '', '', '', '', '', '', '', 157, 'rpm-5aa973bc995e8', NULL),
(77, '', '', '', '', '', '', '', '', '', '', 158, 'rpm-5aa973d8cc971', NULL),
(78, '', '', '', '', '', '', '', '', '', '', 159, 'rpm-5aa9744d2fee2', NULL),
(79, '', '', '', '', '', '', '', '', '', '', 160, 'rpm-5aaa67ae818e7', NULL),
(80, '', '', '', '', '', '', 'N', 'Y', '', '', 163, 'rpm-5aabdf093f77d', NULL),
(81, '', '', '', '', '', '', '', '', '', '', 171, 'rpm-5aba5092ab70a', NULL),
(82, '', '', '', '', '', '', '', '', '', '', 172, 'rpm-5abb2a1ae1ab0', NULL),
(83, '', '', '', '', '', '', '', '', '', '', 173, 'rpm-5abb2b8158d1b', NULL),
(84, '', '', '', '', '', '', '', '', '', '', 178, 'rpm-5abb3b35d4e16', NULL),
(85, '', '', '', '', '', '', '', '', '', '', 179, 'rpm-5abb3fd728f19', NULL),
(86, '', '', '', '', '', '', '', '', '', '', 180, 'rpm-5abb4595a6392', NULL),
(87, '', '', '', '', '', '', '', '', '', '', 181, 'rpm-5abb466851ba9', NULL),
(88, '', '', '', '', '', '', '', '', '', '', 182, 'rpm-5abb7ede0c28f', NULL),
(89, '', '', '', '', '', '', '', '', '', '', 183, 'rpm-5abb7f9d7977f', NULL),
(90, '', '', '', '', '', '', '', '', '', '', 184, 'rpm-5abb9fff7e393', NULL),
(91, '', '', '', '', '', '', '', '', '', '', 185, 'rpm-5abba6db5b579', NULL),
(92, '', '', '', '', '', '', '', '', '', '', 186, 'rpm-5abbaa738e960', NULL),
(93, '', '', '', '', '', '', '', '', '', '', 187, 'rpm-5abc9e3e49f99', NULL),
(94, '', '', '', '', '', '', '', '', '', '', 188, 'rpm-5abc9f591db80', NULL),
(95, '', '', '', '', '', '', '', '', '', '', 189, 'rpm-5abca6a89c334', NULL),
(96, '', '', '', '', '', '', '', '', '', '', 190, 'rpm-5abca885a92f3', NULL),
(97, '', '', '', '', '', '', '', '', '', '', 191, 'rpm-5abca97279890', NULL),
(98, '', '', '', '', '', '', '', '', '', '', 192, 'rpm-5abca9efa2fa1', NULL),
(99, '', '', '', '', '', '', '', '', '', '', 193, 'rpm-5abcab0155015', NULL),
(100, '', '', '', '', '', '', '', '', '', '', 194, 'rpm-5abcb518b159c', NULL),
(101, '', '', '', '', '', '', '', '', '', '', 195, 'rpm-5abcc2b2b35fe', NULL),
(102, '', '', '', '', '', '', '', '', '', '', 196, 'rpm-5abce9d1052e4', NULL),
(103, '', '', '', '', '', '', '', '', '', '', 197, 'rpm-5abceb849f27d', NULL),
(104, '', '', '', '', '', '', '', '', '', '', 198, 'rpm-5abd026d0f1ef', NULL),
(105, '', '', '', '', '', '', '', '', '', '', 199, 'rpm-5abd036fbd9e2', NULL),
(106, '', '', '', '', '', '', '', '', '', '', 200, 'rpm-5abd03cf15849', NULL),
(107, '', '', '', '', '', '', '', '', '', '', 202, 'rpm-5abd04f59a92f', NULL),
(108, '', '', '', '', '', '', '', '', '', '', 203, 'rpm-5abdbcfe09010', NULL),
(109, '', '', '', '', '', '', '', '', '', '', 204, 'rpm-5abe1aa63278e', NULL),
(110, '', '', '', '', '', '', '', '', '', '', 205, 'rpm-5abe284a34b00', NULL),
(111, '', '', '', '', '', '', '', '', '', '', 207, 'rpm-5abe34078f0e2', NULL),
(112, '', '', '', '', '', '', '', '', '', '', 209, 'rpm-5abe34409a056', NULL),
(113, '', '', '', '', '', '', '', '', '', '', 211, 'rpm-5abf138ac4801', NULL),
(114, '', '', '', '', '', '', '', '', '', '', 216, 'rpm-5abf23bfd2b0f', NULL),
(115, '', '', '', '', '', '', '', '', '', '', 218, 'rpm-5ac078b2d29fb', NULL),
(116, '', '', '', '', '', '', '', '', '', '', 223, 'rpm-5ac07fd56f0c5', NULL),
(117, '', '', '', '', '', '', '', '', '', '', 224, 'rpm-5ac080a4437c4', NULL),
(118, '', '', '', '', '', '', '', '', '', '', 225, 'rpm-5ac081a891f3f', NULL),
(119, '', '', '', '', '', '', '', '', '', '', 229, 'rpm-5ac0945ed84b5', NULL),
(120, '', '', '', '', '', '', '', '', '', '', 230, 'rpm-5ac0970249363', NULL),
(121, 'ghashd', 'bgasdhg', 'gsh', 'sghgs', 'sghjsgxd', 'svxdhs', 'Y', 'N', '', NULL, 6, 'rpm-5a6b03d57b791', NULL),
(122, 'ghashd', 'bgasdhg', 'gsh', 'sghgs', 'sghjsgxd', 'svxdhs', 'Y', 'N', '', NULL, 6, 'rpm-5a6b03d57b791', 0),
(123, 'ghashd', 'bgasdhg', 'gsh', 'sghgs', 'sghjsgxd', 'svxdhs', 'Y', 'N', '', NULL, 6, 'rpm-5a6b03d57b791', NULL),
(124, 'ghashd', 'bgasdhg', 'gsh', 'sghgs', 'sghjsgxd', 'svxdhs', 'Y', 'N', '', NULL, 6, 'rpm-5a6b03d57b791', NULL),
(125, 'ghashd', 'bgasdhg', 'gsh', 'sghgs', 'sghjsgxd', 'svxdhs', 'Y', 'N', '', NULL, 6, 'rpm-5a6b03d57b791', 0),
(126, 'ghashd', 'bgasdhg', 'gsh', 'sghgs', 'sghjsgxd', 'svxdhs', 'Y', 'N', '', NULL, 7, 'rpm-5a6b03d57b791', 0),
(127, 'ghashd', 'bgasdhg', 'gsh', 'sghgs', 'sghjsgxd', 'svxdhs', 'Y', 'N', '', NULL, 7, 'rpm-5a6b03d57b791', NULL),
(128, 'ghashd', 'bgasdhg', 'gsh', 'sghgs', 'sghjsgxd', 'svxdhs', 'Y', 'N', '', NULL, 7, 'rpm-5a6b03d57b791', 1),
(129, 'ghashd', 'bgasdhg', 'gsh', 'sghgs', 'sghjsgxd', 'svxdhs', 'Y', 'N', '', NULL, 6, 'rpm-5a6b03d57b791', 0),
(130, '', '', '', '', '', '', '', '', '', '', 251, 'REG_180403071515415_6', 0),
(131, '', '', '', '', '', '', '', '', '', '', 252, 'REG_18040307240747_2', 0),
(132, '', '', '', '', '', '', '', '', '', '', 253, 'REG_180403072526426_4', 0),
(133, '', '', '', '', '', '', '', '', '', '', 254, 'REG_180403072748448_6', 0),
(134, '', '', '', '', '', '', '', '', '', '', 256, 'REG_180403083056456_5', 0),
(135, '', '', '', '', '', '', '', '', '', '', 257, 'REG_18040308470141_3', 0),
(136, '', '', '', '', '', '', '', '', '', '', 258, 'REG_180403084955455_0', 0),
(137, '', '', '', '', '', '', '', '', '', '', 259, 'REG_180403090744444_3', 0),
(138, 'gcc', 'hxxh', 'uchx', 'I dbx', 'JC bx', 'hxbx', 'Y', 'Y', '', '', 240, 'jhsjhgj', NULL),
(139, 'sbbd', 'dd', 'sgs', 'yehs', 'eggs', 'syys', 'Y', 'Y', '', '', 240, 'jhsjhgj', NULL),
(140, '', '', '', '', '', '', '', '', '', '', 240, 'jhsjhgj', NULL),
(141, 'fhjj', 'dgjufhh', 'cbh', 'fuji', 'fyj', 'fynm', 'Y', 'Y', '', '', 240, 'jhsjhgj', NULL),
(142, '', '', '', '', '', '', '', '', '', '', 240, 'jhsjhgj', NULL),
(143, '', '', '', '', '', '', '', '', '', '', 240, 'jhsjhgj', NULL),
(144, '', '', '', '', '', '', '', '', '', '', 240, 'jhsjhgj', NULL),
(145, '', '', '', '', '', '', '', '', '', '', 289, 'REG_180404080018418_3', NULL),
(146, 'bsbs', 'dnd', 'shhs', '', '', '', '', '', '', '', 292, 'REG_18040408150040_5', NULL),
(147, '', '', '', '', '', '', '', '', '', '', 293, 'REG_180404081754454_5', NULL),
(148, '', '', '', '', '', '', '', '', '', '', 294, 'REG_180404082159459_4', NULL),
(149, '', '', '', '', '', '', '', '', '', '', 295, 'REG_18040408240343_6', NULL),
(150, '', '', '', '', '', '', '', '', '', '', 296, 'REG_18040408350747_4', NULL),
(151, '', '', '', '', '', '', '', '', '', '', 297, 'REG_180404083819419_2', NULL),
(152, '', '', '', '', '', '', '', '', '', '', 298, 'REG_180404084223423_2', NULL),
(153, 'bsbz', 'uzu', 'uzjz', 'Ush', 'shsh', 'hdhd', 'Y', 'N', '', '', 300, 'REG_18040410010141_4', NULL),
(154, '', '', '', '', '', '', '', '', '', '', 301, 'REG_180404101619419_5', NULL),
(155, 'sbsh', 'sgsh', 'sgsh', 'gshs', 'hsh', 'bsbs', 'Y', 'Y', '', '', 305, 'REG_180404105919419_3', NULL),
(156, '', '', '', '', '', '', '', '', '', '', 306, 'REG_180404110731431_6', NULL),
(157, '', '', '', '', '', '', '', '', '', '', 306, 'REG_180404110731431_6', NULL),
(158, '', '', '', '', '', '', '', '', '', '', 311, 'REG_180405120122422_1', NULL),
(159, '', '', '', '', '', '', '', '', '', '', 312, 'REG_180405121626426_1', NULL),
(160, '', '', '', '', '', '', '', '', '', '', 315, 'REG_180405123046446_0', NULL),
(161, '', '', '', '', '', '', '', '', '', '', 316, 'REG_180405123626426_0', NULL),
(162, '', '', '', '', '', '', 'Y', 'Y', '', '', 319, 'REG_18040507460343_5', 0),
(163, '', '', '', '', '', '', '', '', '', '', 320, 'REG_180405075715415_4', 0),
(164, '', '', '', '', '', '', '', '', '', '', 321, 'REG_180405075821421_0', 0),
(165, 'bbd', 'sbbd', 'zbd ', 'dvx', 'dvd', 'dbdbbc', 'Y', 'N', '', '', 322, 'REG_18040508000747_0', 0),
(166, '', '', '', '', '', '', 'Y', 'Y', '', '', 323, 'REG_18040508130646_3', 0),
(167, '', '', '', '', '', '', '', '', '', '', 324, 'REG_180405083026426_6', 0),
(168, '', '', '', '', '', '', '', '', '', '', 325, 'REG_180405083337437_6', 0),
(169, '', '', '', '', '', '', '', '', '', '', 327, 'REG_18040508550949_6', 0),
(170, '', '', '', '', '', '', '', '', '', '', 332, 'rpm-5ac5de6a43538', 0),
(171, 'dffj', 'fgj', 'fgj', 'tfj', 'dffn', 'rtu', 'Y', 'Y', '', '', 333, 'rpm-5ac5fda1e9073', 0),
(172, '', '', '', '', '', '', '', '', '', '', 335, 'rpm-5ac64330e84cf', 0),
(173, '', '', '', '', '', '', '', '', '', '', 336, 'rpm-5ac643f0270f0', 0),
(174, 'afsgs shsbd', 'svbs xhdb', 'svdb zhdh', 'sggs hshs', 'svsb sbbd', 'bsbs dbdbb', 'Y', 'Y', '', '', 337, 'rpm-5ac646f94a9a5', 0),
(175, '', '', '', '', '', '', '', '', '', '', 339, 'rpm-5ac70580709e0', 0),
(176, 'sb', 'sh', 'shvss', 'dvs', 'svvs', 'shbs', 'N', '', '', '', 341, 'rpm-5ac70884a8f87', 0),
(177, '', '', '', '', '', '', '', '', '', '', 342, 'rpm-5ac709985e040', 0),
(178, 'ghashd', 'bgasdhg', 'gsh', 'sghgs', 'sghjsgxd', 'svxdhs', 'Y', 'N', '', NULL, 6, 'rpm-5a6b03d57b791', 0),
(179, 'gssvsv zvvvx', 'svvsb dhvdb', 'dbdhdjd dvfdf', 'gehd hxvb', 'dd vdbdb bdbx', 'zgsvd xhxbcb zhxbx', 'Y', 'N', '', '', 346, 'rpm-5ac7938fdc710', 0),
(180, 'hd hd xvxbx', 'gg hd hd hd b vs bxbx', 'gdgdhdh', 'gf hd hd', 'dgdgdg gf', 'ffgvvvv', 'Y', 'Y', '', 'duudfh', 347, 'rpm-5ac79b55a8b71', 0),
(181, 'ghashd', 'bgasdhg', 'gsh', 'sghgs', 'sghjsgxd', 'svxdhs', 'Y', 'N', '', NULL, 6, 'rpm-5a6b03d57b791', 0),
(182, '', '', '', '', '', '', '', '', '', '', 348, 'rpm-5ac7a55066117', 0),
(183, 'ghashd', 'bgasdhg', 'gsh', 'sghgs', 'sghjsgxd', 'svxdhs', 'Y', 'N', '', NULL, 6, 'rpm-5a6b03d57b791', 2),
(184, 'ghashd', 'bgasdhg', 'gsh', 'sghgs', 'sghjsgxd', 'svxdhs', 'Y', 'N', '', NULL, 6, 'rpm-5a6b03d57b791', 95),
(185, '', '', '', '', '', '', '', '', '', '', 350, 'rpm-5ac853d15abb2', 0),
(186, 'eggs zbdh', 'db db xbxb', 'vsgsh', 'wygshs', 'sgsh', 'shhs', 'Y', 'N', '', 'dbdb', 352, 'rpm-5ac877c6c37ab', 99),
(187, 'ghashd', 'bgasdhg', 'gsh', 'sghgs', 'sghjsgxd', 'svxdhs', 'Y', 'N', '', NULL, 6, 'rpm-5a6b03d57b791', NULL),
(188, 'ghashd', 'bgasdhg', 'gsh', 'sghgs', 'sghjsgxd', 'svxdhs', 'Y', 'N', '', NULL, 6, 'rpm-5a6b03d57b791', 0),
(189, 'ghashd', 'bgasdhg', 'gsh', 'sghgs', 'sghjsgxd', 'svxdhs', 'Y', 'N', '', NULL, 6, 'rpm-5a6b03d57b791', NULL),
(190, 'ddgh', 'dfgh', 'erty', 'dgh', 'dfgh', 'ffg', 'Y', 'N', '', 'ddgghj ffghjj', 354, 'rpm-5ac87f0a837b3', 101),
(191, 'dry gfg', 'rttyghg', 'ffgh', 'I ttggg', 'gffff', 'gfgg', 'Y', 'N', '', 'asddff hjkkljg ffgvh', 357, 'rpm-5ac88b018d1c1', 103),
(192, '', '', '', '', '', '', '', '', '', '', 358, 'rpm-5ac891a50874f', 104),
(193, '', '', '', '', '', '', '', '', '', '', 359, 'rpm-5ac8925c6beea', 105),
(194, 'headache ', '', '', 'spectacle ', '', '', 'DN', '', '', '', 360, 'rpm-5ac8ba8eaf9bd', 0),
(195, '', '', '', '', '', '', '', '', '', '', 361, 'rpm-5ac9be5949805', 107);

-- --------------------------------------------------------

--
-- Table structure for table `mhutestmaster`
--

CREATE TABLE IF NOT EXISTS `mhutestmaster` (
  `id` bigint(20) NOT NULL AUTO_INCREMENT,
  `bloodglucose` int(11) DEFAULT NULL,
  `heamogram` double DEFAULT NULL,
  `creatine` text,
  `urea` text,
  `sgot` text,
  `sgpt` text,
  `adviced` text,
  `ferered` text,
  `remark` text,
  PRIMARY KEY (`id`)
) ENGINE=InnoDB  DEFAULT CHARSET=latin1 AUTO_INCREMENT=65 ;

--
-- Dumping data for table `mhutestmaster`
--

INSERT INTO `mhutestmaster` (`id`, `bloodglucose`, `heamogram`, `creatine`, `urea`, `sgot`, `sgpt`, `adviced`, `ferered`, `remark`) VALUES
(14, 45, 845, 'vsg', 'gsg', 'bsbs', 'vzv', 'Blood Pressure', 'shhs', 'hshs'),
(15, 5568, 785, 'Gj', 'Hn', 'Fhh', 'Fgh', 'Blood sugar Test', 'Vhhh', 'Fghh'),
(16, 5484, 5484, 'gsgsg\n', 'gvsbsbd', 'bsbdbd', 'bebdb', 'Blood sugar Test', '?????', '??????'),
(17, 0, 0, '', '', '', '', 'Select Test', '', ''),
(18, 0, 0, '', '', '', '', 'Select Test', '', ''),
(19, 0, 0, '', '', '', '', 'MRI', '', ''),
(20, 0, 0, '', '', '', '', 'Blood sugar Test', '', ''),
(21, 0, 0, '', '', '', '', 'Select Test', '', ''),
(22, 0, 0, '', '', '', '', 'Select Test', '', ''),
(23, 0, 0, '', '', '', '', 'Select Test', '', ''),
(24, 0, 0, '', '', '', '', 'Select Test', '', ''),
(25, 0, 0, '', '', '', '', 'Select Test', '', ''),
(26, 0, 0, '', '', '', '', 'Select Test', '', ''),
(27, 0, 0, '', '', '', '', 'Select Test', '', ''),
(28, 0, 0, '', '', '', '', 'Select Test', '', ''),
(29, 0, 0, '', '', '', '', 'Select Test', '', ''),
(30, 12, 88, '888', '888', '77', '7767', '7878', '878', '887'),
(31, 120, 21, 'Jkn', 'Nmm', 'Djh', 'Cvh', 'Blood sugar Test', 'Dhhc', 'Dhbc'),
(32, 8888, 898, 'Hhhj', 'Hh', 'Ghh', 'Dhdj', 'Blood sugar Test', 'Vbbb', 'Bbbb'),
(33, 0, 0, '', '', '', '', 'Select Test', '', ''),
(34, 0, 0, '', '', '', '', 'Select Test', '', ''),
(35, 0, 0, '', '', '', '', 'Select Test', '', ''),
(36, 12, 88, '888', '888', '77', '7767', '7878', '878', '887'),
(37, 12, 88, '888', '888', '77', '7767', '7878', '878', '887'),
(38, 12, 88, '888', '888', '77', '7767', '7878', '878', '887'),
(39, 12, 88, '888', '888', '77', '7767', '7878', '878', '887'),
(40, NULL, NULL, NULL, NULL, NULL, NULL, 'sfgvg', 'dffbcbx', 'hdbxbx'),
(41, NULL, NULL, NULL, NULL, NULL, NULL, 'gahs', 'sgsg', 'sggs'),
(42, NULL, NULL, NULL, NULL, NULL, NULL, 'wggs', 'syts', 'sgh'),
(43, NULL, NULL, NULL, NULL, NULL, NULL, 'shsg', 'shhs', 'hdhs'),
(44, NULL, NULL, NULL, NULL, NULL, NULL, 'ftg', 'rr', 'cd'),
(45, NULL, NULL, NULL, NULL, NULL, NULL, '', '', ''),
(46, NULL, NULL, NULL, NULL, NULL, NULL, '', '', ''),
(47, NULL, NULL, NULL, NULL, NULL, NULL, '', '', ''),
(48, NULL, NULL, NULL, NULL, NULL, NULL, '', '', ''),
(49, NULL, NULL, NULL, NULL, NULL, NULL, '', '', ''),
(50, NULL, NULL, NULL, NULL, NULL, NULL, 'sue', 'e', 'eye'),
(51, NULL, NULL, NULL, NULL, NULL, NULL, 'gumh', 'gim', 'fim'),
(52, NULL, NULL, NULL, NULL, NULL, NULL, '', '', ''),
(53, NULL, NULL, NULL, NULL, NULL, NULL, 'sh', 'shhs', 'ehh'),
(54, NULL, NULL, NULL, NULL, NULL, NULL, '', '', ''),
(55, NULL, NULL, NULL, NULL, NULL, NULL, 'vsv', 'vsvs', 'svsv'),
(56, NULL, NULL, NULL, NULL, NULL, NULL, 'fjfu', 'dfjh', 'gggj'),
(57, NULL, NULL, NULL, NULL, NULL, NULL, '', '', ''),
(58, NULL, NULL, NULL, NULL, NULL, NULL, 'hsbd', 'shsh', 'dhhdh'),
(59, NULL, NULL, NULL, NULL, NULL, NULL, '', '', ''),
(60, NULL, NULL, NULL, NULL, NULL, NULL, 'dd D''s fs zg', 'shsh', 'vsvs'),
(61, NULL, NULL, NULL, NULL, NULL, NULL, '', '', ''),
(62, NULL, NULL, NULL, NULL, NULL, NULL, 'the only', 'the h h', 'the h'),
(63, NULL, NULL, NULL, NULL, NULL, NULL, '', '', ''),
(64, NULL, NULL, NULL, NULL, NULL, NULL, '', '', '');

-- --------------------------------------------------------

--
-- Table structure for table `patient_category`
--

CREATE TABLE IF NOT EXISTS `patient_category` (
  `id` int(11) NOT NULL AUTO_INCREMENT,
  `name` text NOT NULL,
  PRIMARY KEY (`id`)
) ENGINE=MyISAM  DEFAULT CHARSET=latin1 AUTO_INCREMENT=5 ;

--
-- Dumping data for table `patient_category`
--

INSERT INTO `patient_category` (`id`, `name`) VALUES
(1, 'Pregnant Women'),
(2, 'Lactating Women'),
(3, 'Child Under-5 Year of Age'),
(4, 'Senior Citizen-above 60 year of age');

-- --------------------------------------------------------

--
-- Table structure for table `patient_history`
--

CREATE TABLE IF NOT EXISTS `patient_history` (
  `id` int(11) NOT NULL AUTO_INCREMENT,
  `patient_id` bigint(20) NOT NULL,
  `registrationno` text NOT NULL,
  `drname1` text,
  `drname2` text,
  `drname3` text,
  `hospitalname` text,
  `visit_master_id` int(11) DEFAULT NULL,
  PRIMARY KEY (`id`)
) ENGINE=InnoDB  DEFAULT CHARSET=latin1 AUTO_INCREMENT=100 ;

--
-- Dumping data for table `patient_history`
--

INSERT INTO `patient_history` (`id`, `patient_id`, `registrationno`, `drname1`, `drname2`, `drname3`, `hospitalname`, `visit_master_id`) VALUES
(16, 26, 'rpm-5a75b4e11a8b8', 'gsgs', 'hshs', 'hshs', 'bsg', NULL),
(17, 27, 'rpm-5a75b59cb30fb', 'Xghh', 'Xvb', 'Dgb', 'Chji', NULL),
(18, 28, 'rpm-5a75bb0e56a01', 'ghdy', 'vsb', 'behind\n', 'hsbshgdhs', NULL),
(19, 30, 'rpm-5a784f4a796fc', '', '', '', '', NULL),
(20, 32, 'rpm-5a784f9e65eda', '', '', '', '', NULL),
(21, 34, 'rpm-5a827f24a4a2c', '', '', '', '', NULL),
(22, 35, 'rpm-5a82802c7b5fd', '', '', '', '', NULL),
(23, 36, 'rpm-5a82812d74214', '', '', '', '', NULL),
(24, 39, 'rpm-5a82867bd18df', '', '', '', '', NULL),
(25, 38, 'rpm-5a828678a640c', '', '', '', '', NULL),
(26, 40, 'rpm-5a8287679a050', '', '', '', '', NULL),
(27, 42, 'rpm-5a8289f8e0ea7', '', '', '', '', NULL),
(28, 44, 'rpm-5a82d58e01d27', '', '', '', '', NULL),
(29, 45, 'rpm-5a83cf692b651', '', '', '', '', NULL),
(30, 46, 'rpm-5a84952304183', '', '', '', '', NULL),
(31, 49, 'rpm-5a8d37cbb7454', '', '', '', '', NULL),
(32, 52, 'rpm-5a90215e885c8', '', '', '', '', NULL),
(33, 53, 'rpm-5a9022f63c676', '', '', '', '', NULL),
(34, 54, 'rpm-5a90236fe62e5', '', '', '', '', NULL),
(35, 57, 'rpm-5a982dae874f3', '', '', '', '', NULL),
(36, 58, 'rpm-5a982ee2f26fc', '', '', '', '', NULL),
(37, 61, 'rpm-5a9bab677f9ca', '', '', '', '', NULL),
(38, 111, 'rpm-5a9e5459db340', '', '', '', '', NULL),
(39, 112, 'rpm-5a9e5515d5c0d', '', '', '', '', NULL),
(40, 113, 'rpm-5a9e55445c023', 'xyz', '', '', 'abc', NULL),
(41, 114, 'rpm-5a9e5583c7bf1', 'xyzffgg', '', '', 'abc', NULL),
(42, 115, 'rpm-5a9e5a333fa03', '', '', '', '', NULL),
(43, 137, 'rpm-5a9fc50b25fb6', 'gf f', 'sbfd', 'XC box gf', 'hshs', NULL),
(44, 138, 'rpm-5a9fc5897dd0a', 'a', 'b', 'c', 'xyz', NULL),
(45, 139, 'rpm-5a9fc66540846', 'b', 'c', 'd', 'a', NULL),
(46, 141, 'rpm-5a9fcbf945bb1', '', '', '', '', NULL),
(47, 142, 'rpm-5aa7dc15eb8da', 'Dhh', 'Dhjf', 'Dhh', 'Xjj', NULL),
(48, 143, 'rpm-5aa7ed0915955', 'Dnfn', 'Xnfn', 'Dndn\n\n', 'Xndn', NULL),
(49, 146, 'rpm-5aa8e096ad9e1', '', '', '', '', NULL),
(50, 149, 'rpm-5aa8e81d885c5', '', '', '', '', NULL),
(51, 150, 'rpm-5aa8e884b37d4', '', '', '', '', NULL),
(52, 152, 'rpm-5aa8e9121c37f', '', '', '', '', NULL),
(53, 154, 'rpm-5aa8e9a921731', '', '', '', '', NULL),
(54, 157, 'rpm-5aa973bc995e8', '', '', '', '', NULL),
(55, 158, 'rpm-5aa973d8cc971', '', '', '', '', NULL),
(56, 159, 'rpm-5aa9744d2fee2', '', '', '', '', NULL),
(57, 160, 'rpm-5aaa67ae818e7', '', '', '', '', NULL),
(58, 163, 'rpm-5aabdf093f77d', '', '', '', '', NULL),
(59, 171, 'rpm-5aba5092ab70a', '', '', '', '', NULL),
(60, 172, 'rpm-5abb2a1ae1ab0', '', '', '', '', NULL),
(61, 173, 'rpm-5abb2b8158d1b', '', '', '', '', NULL),
(62, 178, 'rpm-5abb3b35d4e16', '', '', '', '', NULL),
(63, 179, 'rpm-5abb3fd728f19', '', '', '', '', NULL),
(64, 180, 'rpm-5abb4595a6392', '', '', '', '', NULL),
(65, 181, 'rpm-5abb466851ba9', '', '', '', '', NULL),
(66, 182, 'rpm-5abb7ede0c28f', '', '', '', '', NULL),
(67, 183, 'rpm-5abb7f9d7977f', '', '', '', '', NULL),
(68, 184, 'rpm-5abb9fff7e393', '', '', '', '', NULL),
(69, 185, 'rpm-5abba6db5b579', '', '', '', '', NULL),
(70, 186, 'rpm-5abbaa738e960', '', '', '', '', NULL),
(71, 187, 'rpm-5abc9e3e49f99', '', '', '', '', NULL),
(72, 188, 'rpm-5abc9f591db80', '', '', '', '', NULL),
(73, 189, 'rpm-5abca6a89c334', '', '', '', '', NULL),
(74, 190, 'rpm-5abca885a92f3', '', '', '', '', NULL),
(75, 191, 'rpm-5abca97279890', '', '', '', '', NULL),
(76, 192, 'rpm-5abca9efa2fa1', '', '', '', '', NULL),
(77, 193, 'rpm-5abcab0155015', '', '', '', '', NULL),
(78, 194, 'rpm-5abcb518b159c', '', '', '', '', NULL),
(79, 195, 'rpm-5abcc2b2b35fe', '', '', '', '', NULL),
(80, 196, 'rpm-5abce9d1052e4', '', '', '', '', NULL),
(81, 197, 'rpm-5abceb849f27d', '', '', '', '', NULL),
(82, 198, 'rpm-5abd026d0f1ef', '', '', '', '', NULL),
(83, 199, 'rpm-5abd036fbd9e2', '', '', '', '', NULL),
(84, 200, 'rpm-5abd03cf15849', '', '', '', '', NULL),
(85, 202, 'rpm-5abd04f59a92f', '', '', '', '', NULL),
(86, 203, 'rpm-5abdbcfe09010', '', '', '', '', NULL),
(87, 204, 'rpm-5abe1aa63278e', '', '', '', '', NULL),
(88, 205, 'rpm-5abe284a34b00', '', '', '', '', NULL),
(89, 207, 'rpm-5abe34078f0e2', '', '', '', '', NULL),
(90, 209, 'rpm-5abe34409a056', '', '', '', '', NULL),
(91, 211, 'rpm-5abf138ac4801', '', '', '', '', NULL),
(92, 216, 'rpm-5abf23bfd2b0f', '', '', '', '', NULL),
(93, 218, 'rpm-5ac078b2d29fb', '', '', '', '', NULL),
(94, 223, 'rpm-5ac07fd56f0c5', '', '', '', '', NULL),
(95, 224, 'rpm-5ac080a4437c4', '', '', '', '', NULL),
(96, 225, 'rpm-5ac081a891f3f', '', '', '', '', NULL),
(97, 229, 'rpm-5ac0945ed84b5', '', '', '', '', NULL),
(98, 230, 'rpm-5ac0970249363', '', '', '', '', NULL),
(99, 6, '66767', NULL, NULL, NULL, '', NULL);

-- --------------------------------------------------------

--
-- Table structure for table `patient_master`
--

CREATE TABLE IF NOT EXISTS `patient_master` (
  `id` bigint(20) NOT NULL AUTO_INCREMENT,
  `registration_no` text NOT NULL,
  `fname` text NOT NULL,
  `lanme` text NOT NULL,
  `dob` date NOT NULL,
  `gender` enum('F','M','','') NOT NULL,
  `mobile` bigint(20) NOT NULL,
  `regitrationdate` datetime NOT NULL DEFAULT CURRENT_TIMESTAMP,
  `address` text NOT NULL,
  `state` varchar(50) DEFAULT NULL,
  `district` varchar(50) DEFAULT NULL,
  `city` varchar(50) DEFAULT NULL,
  `area` varchar(50) DEFAULT NULL,
  `location` varchar(50) DEFAULT NULL,
  `unique_id` varchar(20) DEFAULT NULL,
  `patient_category` enum('PW','LW','C','S') DEFAULT NULL COMMENT 'PW:pregnent women, LW:lactating women, C:child under 5yrs, S:senior citizen above 60yrs',
  PRIMARY KEY (`id`)
) ENGINE=InnoDB  DEFAULT CHARSET=latin1 AUTO_INCREMENT=363 ;

--
-- Dumping data for table `patient_master`
--

INSERT INTO `patient_master` (`id`, `registration_no`, `fname`, `lanme`, `dob`, `gender`, `mobile`, `regitrationdate`, `address`, `state`, `district`, `city`, `area`, `location`, `unique_id`, `patient_category`) VALUES
(26, 'rpm-5a75b4e11a8b8', 'vishal', 'landepatil', '2018-02-03', 'F', 9975294782, '2018-02-03 06:10:57', 'bbs', NULL, NULL, NULL, NULL, NULL, NULL, NULL),
(27, 'rpm-5a75b59cb30fb', 'Poonam ', 'Fhjjkk', '2017-11-16', 'F', 9922436485, '2018-02-03 06:14:04', 'Dghb', NULL, NULL, NULL, NULL, NULL, NULL, NULL),
(28, 'rpm-5a75bb0e56a01', 'arshad', 'm', '1992-01-02', 'M', 9503715535, '2018-02-03 06:37:18', 'silk mills colony', NULL, NULL, NULL, NULL, NULL, NULL, NULL),
(29, 'rpm-5a784d7fd35cb', '', '', '0000-00-00', '', 0, '2018-02-05 05:26:39', '', NULL, NULL, NULL, NULL, NULL, NULL, NULL),
(30, 'rpm-5a784f4a796fc', '', '', '0000-00-00', '', 0, '2018-02-05 05:34:18', '', NULL, NULL, NULL, NULL, NULL, NULL, NULL),
(31, 'rpm-5a784f796faa1', '', '', '0000-00-00', '', 0, '2018-02-05 05:35:05', '', NULL, NULL, NULL, NULL, NULL, NULL, NULL),
(32, 'rpm-5a784f9e65eda', '', '', '0000-00-00', '', 0, '2018-02-05 05:35:42', '', NULL, NULL, NULL, NULL, NULL, NULL, NULL),
(33, 'rpm-5a78501a8855e', '', '', '0000-00-00', '', 0, '2018-02-05 05:37:46', '', NULL, NULL, NULL, NULL, NULL, NULL, NULL),
(34, 'rpm-5a827f24a4a2c', 'Nilesh', 'Arya', '1970-07-12', 'M', 9818394477, '2018-02-12 23:01:08', 'djfjffj', NULL, NULL, NULL, NULL, NULL, NULL, NULL),
(35, 'rpm-5a82802c7b5fd', '', '', '0000-00-00', '', 0, '2018-02-12 23:05:32', '', NULL, NULL, NULL, NULL, NULL, NULL, NULL),
(36, 'rpm-5a82812d74214', '', '', '0000-00-00', '', 0, '2018-02-12 23:09:49', '', NULL, NULL, NULL, NULL, NULL, NULL, NULL),
(37, 'rpm-5a8285b7bbee7', '', '', '0000-00-00', '', 0, '2018-02-12 23:29:11', '', NULL, NULL, NULL, NULL, NULL, NULL, NULL),
(38, 'rpm-5a828678a640c', '', '', '0000-00-00', '', 0, '2018-02-12 23:32:24', '', NULL, NULL, NULL, NULL, NULL, NULL, NULL),
(39, 'rpm-5a82867bd18df', '', '', '2018-02-13', '', 0, '2018-02-12 23:32:27', '', NULL, NULL, NULL, NULL, NULL, NULL, NULL),
(40, 'rpm-5a8287679a050', '', '', '0000-00-00', '', 0, '2018-02-12 23:36:23', '', NULL, NULL, NULL, NULL, NULL, NULL, NULL),
(41, 'rpm-5a8289ce8bdad', '', '', '0000-00-00', '', 0, '2018-02-12 23:46:38', '', NULL, NULL, NULL, NULL, NULL, NULL, NULL),
(42, 'rpm-5a8289f8e0ea7', '', '', '0000-00-00', '', 0, '2018-02-12 23:47:20', '', NULL, NULL, NULL, NULL, NULL, NULL, NULL),
(43, 'rpm-5a82d58b866c2', '', '', '0000-00-00', '', 0, '2018-02-13 05:09:47', '', NULL, NULL, NULL, NULL, NULL, NULL, NULL),
(44, 'rpm-5a82d58e01d27', '', '', '0000-00-00', '', 0, '2018-02-13 05:09:50', '', NULL, NULL, NULL, NULL, NULL, NULL, NULL),
(45, 'rpm-5a83cf692b651', '', '', '0000-00-00', '', 0, '2018-02-13 22:55:53', '', NULL, NULL, NULL, NULL, NULL, NULL, NULL),
(46, 'rpm-5a84952304183', '', '', '0000-00-00', '', 0, '2018-02-14 12:59:31', '', NULL, NULL, NULL, NULL, NULL, NULL, NULL),
(47, 'rpm-5a849772b221b', '', '', '0000-00-00', '', 0, '2018-02-14 13:09:22', '', NULL, NULL, NULL, NULL, NULL, NULL, NULL),
(48, 'rpm-5a8d37c0530dc', '', '', '0000-00-00', '', 0, '2018-02-21 02:11:28', '', NULL, NULL, NULL, NULL, NULL, NULL, NULL),
(49, 'rpm-5a8d37cbb7454', '', '', '0000-00-00', '', 0, '2018-02-21 02:11:39', '', NULL, NULL, NULL, NULL, NULL, NULL, NULL),
(50, 'rpm-5a8d37e448119', '', '', '0000-00-00', '', 0, '2018-02-21 02:12:04', '', NULL, NULL, NULL, NULL, NULL, NULL, NULL),
(51, 'rpm-5a901e3db2281', 'Prasad ', 'Gote', '2018-02-23', 'M', 9860402800, '2018-02-23 06:59:25', 'aurangabad', NULL, NULL, NULL, NULL, NULL, NULL, NULL),
(52, 'rpm-5a90215e885c8', 'prasad', 'gote', '2018-02-23', 'M', 9860402800, '2018-02-23 07:12:46', 'Aurangabad', NULL, NULL, NULL, NULL, NULL, NULL, NULL),
(53, 'rpm-5a9022f63c676', 'jf cjccjfj', 'jf jffjfjfgj', '2018-02-23', 'M', 8888888888, '2018-02-23 07:19:34', 'CBC ncjc', NULL, NULL, NULL, NULL, NULL, NULL, NULL),
(54, 'rpm-5a90236fe62e5', 'hfjcjf', 'hcjckv', '2018-02-23', 'M', 8888888888, '2018-02-23 07:21:35', 'cjvnvm ', NULL, NULL, NULL, NULL, NULL, NULL, NULL),
(55, 'rpm-5a90323174dd8', 'ABC', 'xyz', '2018-02-23', 'M', 9865326565, '2018-02-23 08:24:33', 'Aurangabad', NULL, NULL, NULL, NULL, NULL, NULL, NULL),
(56, 'rpm-5a95251f6e90f', 'ABC ', 'ABC', '2018-02-27', 'M', 9784542154, '2018-02-27 02:30:07', 'Aurangabad', NULL, NULL, NULL, NULL, NULL, NULL, NULL),
(57, 'rpm-5a982dae874f3', 'Abc', 'Xhdvs', '2018-03-01', 'M', 8898796808, '2018-03-01 09:43:26', 'Sgxhxhxh hdbdbdd', NULL, NULL, NULL, NULL, NULL, NULL, NULL),
(58, 'rpm-5a982ee2f26fc', '', '', '0000-00-00', '', 0, '2018-03-01 09:48:34', '', NULL, NULL, NULL, NULL, NULL, NULL, NULL),
(59, 'rpm-5a998f5480595', '', '', '0000-00-00', '', 0, '2018-03-02 10:52:20', '', NULL, NULL, NULL, NULL, NULL, NULL, NULL),
(60, 'rpm-5a9ba57eb6061', '', '', '0000-00-00', '', 0, '2018-03-04 00:51:26', '', NULL, NULL, NULL, NULL, NULL, NULL, NULL),
(61, 'rpm-5a9bab677f9ca', '', '', '0000-00-00', '', 0, '2018-03-04 01:16:39', '', NULL, NULL, NULL, NULL, NULL, NULL, NULL),
(62, 'rpm-5a9be02bcc0c9', 'Seema', 'sharma', '2018-03-04', 'F', 9754454545, '2018-03-04 05:01:47', 'ahhahs', NULL, NULL, NULL, NULL, NULL, NULL, NULL),
(63, 'rpm-5a9d01b065c45', 'ABC', 'asd', '1995-03-05', 'M', 8421545454, '2018-03-05 01:37:04', 'Aurangabad', NULL, NULL, NULL, NULL, NULL, NULL, NULL),
(64, 'rpm-5a9d056f9e23e', 'gshshs', 'd vs vszb', '2018-03-05', 'M', 7979798989, '2018-03-05 01:53:03', 'hzbsbs', NULL, NULL, NULL, NULL, NULL, NULL, NULL),
(65, 'rpm-5a9d06ff36074', 'gag ashbs', 'gsgshs', '2018-03-05', 'M', 1661966666, '2018-03-05 01:59:43', 'hshs', NULL, NULL, NULL, NULL, NULL, NULL, NULL),
(66, 'rpm-5a9d072ad8b61', 'gsgshsB', 'aggsvs', '2018-03-05', 'M', 4698898889, '2018-03-05 02:00:26', 'vVabsg', NULL, NULL, NULL, NULL, NULL, NULL, NULL),
(67, 'rpm-5a9d07e6394ff', 'xxCs', 'fsga', '2018-03-05', 'M', 5769898855, '2018-03-05 02:03:34', 'hHzz', NULL, NULL, NULL, NULL, NULL, NULL, NULL),
(68, 'rpm-5a9d08d0e322b', 'shsh', 'dgsga', '2018-03-05', 'M', 8989898998, '2018-03-05 02:07:28', 'vs vs vs v', NULL, NULL, NULL, NULL, NULL, NULL, NULL),
(69, 'rpm-5a9d16bc09ee4', 'av vs', 'zvs', '2018-03-05', 'M', 8751554545, '2018-03-05 03:06:52', 'gahsbs', NULL, NULL, NULL, NULL, NULL, NULL, NULL),
(70, 'rpm-5a9d172402797', 'vs vav', 'vs very Dsvs', '2018-03-05', 'M', 8797999599, '2018-03-05 03:08:36', 'v av sv vs', NULL, NULL, NULL, NULL, NULL, NULL, NULL),
(71, 'rpm-5a9d1807a12ec', 'fag', 'Vsvzv', '2018-03-05', 'M', 9494949799, '2018-03-05 03:12:23', 'v z zbzn', NULL, NULL, NULL, NULL, NULL, NULL, NULL),
(72, 'rpm-5a9d19f45e6b1', 'hehd', 'TS GD', '2018-03-05', 'M', 8855555555, '2018-03-05 03:20:36', 'vvfff', NULL, NULL, NULL, NULL, NULL, NULL, NULL),
(73, 'rpm-5a9d1e0b72fa4', 'xcfg', 'xdd', '2018-03-05', 'M', 8547000000, '2018-03-05 03:38:03', 'zxfccc', NULL, NULL, NULL, NULL, NULL, NULL, NULL),
(74, 'rpm-5a9d1eeb898a2', 'fhdbs', 'gagd', '2018-03-05', 'M', 8757840404, '2018-03-05 03:41:47', 'Vvzbz', NULL, NULL, NULL, NULL, NULL, NULL, NULL),
(75, 'rpm-5a9d1eee1a51c', 'fhdbs', 'gagd', '2018-03-05', 'M', 8757840404, '2018-03-05 03:41:50', 'Vvzbz', NULL, NULL, NULL, NULL, NULL, NULL, NULL),
(76, 'rpm-5a9d1ef480343', 'fhdbs', 'gagd', '2018-03-05', 'M', 8757840404, '2018-03-05 03:41:56', 'Vvzbz', NULL, NULL, NULL, NULL, NULL, NULL, NULL),
(77, 'rpm-5a9d203d87b5c', 'hshsh', 'yahah', '2018-03-05', 'M', 6895656655, '2018-03-05 03:47:25', 'Vbzzb', NULL, NULL, NULL, NULL, NULL, NULL, NULL),
(78, 'rpm-5a9d21fb8014b', 'vVa', 'gsga', '2018-03-05', 'M', 8484849894, '2018-03-05 03:54:51', 'hHga', NULL, NULL, NULL, NULL, NULL, NULL, NULL),
(79, 'rpm-5a9d26427360a', 'cfvh', 'rfttf', '2018-03-05', 'M', 8500000000, '2018-03-05 04:13:06', 'b bf bsbsbd', NULL, NULL, NULL, NULL, NULL, NULL, NULL),
(80, 'rpm-5a9d28593c45d', 'cm NC j', 'dj jf', '2018-03-05', 'M', 5656999999, '2018-03-05 04:22:01', 'fjdjjf', NULL, NULL, NULL, NULL, NULL, NULL, NULL),
(81, 'rpm-5a9d28caa8049', 'vvbnnn', 'tghbb', '2018-03-05', 'M', 9999999999, '2018-03-05 04:23:54', 'vbbn', NULL, NULL, NULL, NULL, NULL, NULL, NULL),
(82, 'rpm-5a9d2a07614b6', 'shbdd', 'ch dhdj', '2018-03-05', 'M', 5656568959, '2018-03-05 04:29:11', 'xv gf bxnx', NULL, NULL, NULL, NULL, NULL, NULL, NULL),
(83, 'rpm-5a9d2c8c1072a', 'dhsjdj', 'dj dhdh', '2018-03-05', 'M', 5665655595, '2018-03-05 04:39:56', 'handcrafted x', NULL, NULL, NULL, NULL, NULL, NULL, NULL),
(84, 'rpm-5a9d31b07bac0', '', '', '0000-00-00', '', 0, '2018-03-05 05:01:52', '', NULL, NULL, NULL, NULL, NULL, NULL, NULL),
(85, 'rpm-5a9d31c143855', '', '', '0000-00-00', '', 0, '2018-03-05 05:02:09', '', NULL, NULL, NULL, NULL, NULL, NULL, NULL),
(86, 'rpm-5a9d339589ac7', '', '', '0000-00-00', '', 0, '2018-03-05 05:09:57', '', NULL, NULL, NULL, NULL, NULL, NULL, NULL),
(87, 'rpm-5a9d33eb0bbb0', '', '', '0000-00-00', '', 0, '2018-03-05 05:11:23', '', NULL, NULL, NULL, NULL, NULL, NULL, NULL),
(88, 'rpm-5a9d344e4e879', '', '', '0000-00-00', '', 0, '2018-03-05 05:13:02', '', NULL, NULL, NULL, NULL, NULL, NULL, NULL),
(89, 'rpm-5a9d34fdab333', '', '', '0000-00-00', '', 0, '2018-03-05 05:15:57', '', NULL, NULL, NULL, NULL, NULL, NULL, NULL),
(90, 'rpm-5a9d35352b781', '', '', '0000-00-00', '', 0, '2018-03-05 05:16:53', '', NULL, NULL, NULL, NULL, NULL, NULL, NULL),
(91, 'rpm-5a9d353585159', '', '', '0000-00-00', '', 0, '2018-03-05 05:16:53', '', NULL, NULL, NULL, NULL, NULL, NULL, NULL),
(92, 'rpm-5a9d354f70d3b', '', '', '0000-00-00', '', 0, '2018-03-05 05:17:19', '', NULL, NULL, NULL, NULL, NULL, NULL, NULL),
(93, 'rpm-5a9d359a1755a', '', '', '0000-00-00', '', 0, '2018-03-05 05:18:34', '', NULL, NULL, NULL, NULL, NULL, NULL, NULL),
(94, 'rpm-5a9d35f984eef', '', '', '0000-00-00', '', 0, '2018-03-05 05:20:09', '', NULL, NULL, NULL, NULL, NULL, NULL, NULL),
(95, 'rpm-5a9d364221baa', '', '', '0000-00-00', '', 0, '2018-03-05 05:21:22', '', NULL, NULL, NULL, NULL, NULL, NULL, NULL),
(96, 'rpm-5a9d3697dd5a2', '', '', '0000-00-00', '', 0, '2018-03-05 05:22:47', '', NULL, NULL, NULL, NULL, NULL, NULL, NULL),
(97, 'rpm-5a9d3b274f175', '', '', '0000-00-00', '', 0, '2018-03-05 05:42:15', '', NULL, NULL, NULL, NULL, NULL, NULL, NULL),
(98, 'rpm-5a9d432a71d10', '', '', '0000-00-00', '', 0, '2018-03-05 06:16:26', '', NULL, NULL, NULL, NULL, NULL, NULL, NULL),
(99, 'rpm-5a9d48c21668f', '', '', '0000-00-00', '', 0, '2018-03-05 06:40:18', '', NULL, NULL, NULL, NULL, NULL, NULL, NULL),
(100, 'rpm-5a9d4943e677a', '', '', '0000-00-00', '', 0, '2018-03-05 06:42:27', '', NULL, NULL, NULL, NULL, NULL, NULL, NULL),
(101, 'rpm-5a9d4a1520773', '', '', '0000-00-00', '', 0, '2018-03-05 06:45:57', '', NULL, NULL, NULL, NULL, NULL, NULL, NULL),
(102, 'rpm-5a9d51ea17658', 'LP', '', '0000-00-00', '', 0, '2018-03-05 07:19:22', '', NULL, NULL, NULL, NULL, NULL, NULL, NULL),
(103, 'rpm-5a9d531cf1c82', '', '', '0000-00-00', '', 0, '2018-03-05 07:24:28', '', NULL, NULL, NULL, NULL, NULL, NULL, NULL),
(104, 'rpm-5a9d544f19994', '', '', '0000-00-00', '', 0, '2018-03-05 07:29:35', '', NULL, NULL, NULL, NULL, NULL, NULL, NULL),
(105, 'rpm-5a9d5625d1680', '', '', '0000-00-00', '', 0, '2018-03-05 07:37:25', '', NULL, NULL, NULL, NULL, NULL, NULL, NULL),
(106, 'rpm-5a9d565808351', '', '', '0000-00-00', '', 0, '2018-03-05 07:38:16', '', NULL, NULL, NULL, NULL, NULL, NULL, NULL),
(107, 'rpm-5a9e14bb37131', '', '', '0000-00-00', '', 0, '2018-03-05 21:10:35', '', NULL, NULL, NULL, NULL, NULL, NULL, NULL),
(108, 'rpm-5a9e4a02a30e4', '', '', '0000-00-00', '', 0, '2018-03-06 00:57:54', '', NULL, NULL, NULL, NULL, NULL, NULL, NULL),
(109, 'rpm-5a9e509d0290f', '', '', '0000-00-00', '', 0, '2018-03-06 01:26:05', '', NULL, NULL, NULL, NULL, NULL, NULL, NULL),
(110, 'rpm-5a9e535d732aa', '', '', '0000-00-00', '', 0, '2018-03-06 01:37:49', '', NULL, NULL, NULL, NULL, NULL, NULL, NULL),
(111, 'rpm-5a9e5459db340', '', '', '0000-00-00', '', 0, '2018-03-06 01:42:01', '', NULL, NULL, NULL, NULL, NULL, NULL, NULL),
(112, 'rpm-5a9e5515d5c0d', 'j', '', '0000-00-00', '', 0, '2018-03-06 01:45:09', '', NULL, NULL, NULL, NULL, NULL, NULL, NULL),
(113, 'rpm-5a9e55445c023', '', '', '0000-00-00', '', 0, '2018-03-06 01:45:56', '', NULL, NULL, NULL, NULL, NULL, NULL, NULL),
(114, 'rpm-5a9e5583c7bf1', '', '', '0000-00-00', '', 0, '2018-03-06 01:46:59', '', NULL, NULL, NULL, NULL, NULL, NULL, NULL),
(115, 'rpm-5a9e5a333fa03', 'ip', '', '0000-00-00', '', 0, '2018-03-06 02:06:59', '', NULL, NULL, NULL, NULL, NULL, NULL, NULL),
(116, 'rpm-5a9e5acea39e3', '', '', '0000-00-00', '', 0, '2018-03-06 02:09:34', '', NULL, NULL, NULL, NULL, NULL, NULL, NULL),
(117, 'rpm-5a9e5b91d5b15', '', '', '0000-00-00', '', 0, '2018-03-06 02:12:49', '', NULL, NULL, NULL, NULL, NULL, NULL, NULL),
(118, 'rpm-5a9e61e8b4315', '', '', '0000-00-00', 'F', 0, '2018-03-06 02:39:52', '', NULL, NULL, NULL, NULL, NULL, NULL, NULL),
(119, 'rpm-5a9e62b66bc0d', '', '', '0000-00-00', '', 0, '2018-03-06 02:43:18', '', NULL, NULL, NULL, NULL, NULL, NULL, NULL),
(120, 'rpm-5a9e63493d9d7', '', '', '0000-00-00', '', 0, '2018-03-06 02:45:45', '', NULL, NULL, NULL, NULL, NULL, NULL, NULL),
(121, 'rpm-5a9e6475e9691', '', '', '0000-00-00', '', 0, '2018-03-06 02:50:45', '', NULL, NULL, NULL, NULL, NULL, NULL, NULL),
(122, 'rpm-5a9e648f436d1', '', '', '0000-00-00', '', 0, '2018-03-06 02:51:11', '', NULL, NULL, NULL, NULL, NULL, NULL, NULL),
(123, 'rpm-5a9e677a7827e', '', '', '0000-00-00', '', 0, '2018-03-06 03:03:38', '', NULL, NULL, NULL, NULL, NULL, NULL, NULL),
(124, 'rpm-5a9e6791ecbd4', '', '', '0000-00-00', '', 0, '2018-03-06 03:04:01', '', NULL, NULL, NULL, NULL, NULL, NULL, NULL),
(125, 'rpm-5a9e67a7ca726', '', '', '0000-00-00', '', 0, '2018-03-06 03:04:23', '', NULL, NULL, NULL, NULL, NULL, NULL, NULL),
(126, 'rpm-5a9f88198352a', '', '', '0000-00-00', '', 0, '2018-03-06 23:35:05', '', NULL, NULL, NULL, NULL, NULL, NULL, NULL),
(127, 'rpm-5a9f8993e0884', '', '', '0000-00-00', '', 0, '2018-03-06 23:41:23', '', NULL, NULL, NULL, NULL, NULL, NULL, NULL),
(128, 'rpm-5a9f89a058e9b', '', '', '0000-00-00', '', 0, '2018-03-06 23:41:36', '', NULL, NULL, NULL, NULL, NULL, NULL, NULL),
(129, 'rpm-5a9f8a5a8688f', '', '', '0000-00-00', '', 0, '2018-03-06 23:44:42', '', NULL, NULL, NULL, NULL, NULL, NULL, NULL),
(130, 'rpm-5a9f8be20d309', '', '', '0000-00-00', '', 0, '2018-03-06 23:51:14', '', NULL, NULL, NULL, NULL, NULL, NULL, NULL),
(131, 'rpm-5a9f8c3520e7a', 'Dr', '', '0000-00-00', '', 0, '2018-03-06 23:52:37', '', NULL, NULL, NULL, NULL, NULL, NULL, NULL),
(132, 'rpm-5a9f8e3eb3365', '', '', '0000-00-00', '', 0, '2018-03-07 00:01:18', '', NULL, NULL, NULL, NULL, NULL, NULL, NULL),
(133, 'rpm-5a9f919153561', '', '', '0000-00-00', '', 0, '2018-03-07 00:15:29', '', NULL, NULL, NULL, NULL, NULL, NULL, NULL),
(134, 'rpm-5a9f92502e933', '', '', '0000-00-00', '', 0, '2018-03-07 00:18:40', '', NULL, NULL, NULL, NULL, NULL, NULL, NULL),
(135, 'rpm-5a9f9f5edce93', '', '', '0000-00-00', '', 0, '2018-03-07 01:14:22', '', NULL, NULL, NULL, NULL, NULL, NULL, NULL),
(136, 'rpm-5a9f9fc2d138e', '', '', '0000-00-00', '', 0, '2018-03-07 01:16:02', '', NULL, NULL, NULL, NULL, NULL, NULL, NULL),
(137, 'rpm-5a9fc50b25fb6', 'op', '', '0000-00-00', '', 0, '2018-03-07 03:55:07', '', NULL, NULL, NULL, NULL, NULL, NULL, NULL),
(138, 'rpm-5a9fc5897dd0a', '', '', '0000-00-00', '', 0, '2018-03-07 03:57:13', '', NULL, NULL, NULL, NULL, NULL, NULL, NULL),
(139, 'rpm-5a9fc66540846', '', '', '0000-00-00', '', 0, '2018-03-07 04:00:53', '', NULL, NULL, NULL, NULL, NULL, NULL, NULL),
(140, 'rpm-5a9fc997dc884', '', '', '0000-00-00', '', 0, '2018-03-07 04:14:31', '', NULL, NULL, NULL, NULL, NULL, NULL, NULL),
(141, 'rpm-5a9fcbf945bb1', '', '', '0000-00-00', '', 0, '2018-03-07 04:24:41', '', NULL, NULL, NULL, NULL, NULL, NULL, NULL),
(142, 'rpm-5aa7dc15eb8da', 'Fhhj', 'Dvhj', '2018-03-13', 'F', 4459886, '2018-03-13 07:11:33', 'Hhjjbb', NULL, NULL, NULL, NULL, NULL, NULL, NULL),
(143, 'rpm-5aa7ed0915955', 'Fhfhh', 'Fjfjfj', '2018-03-13', 'M', 494949, '2018-03-13 08:23:53', 'Gjfjfj', NULL, NULL, NULL, NULL, NULL, NULL, NULL),
(144, 'rpm-5aa8dcaf8bcd6', '', '', '0000-00-00', '', 0, '2018-03-14 01:26:23', '', NULL, NULL, NULL, NULL, NULL, NULL, NULL),
(145, 'rpm-5aa8e096ad820', 'NH', '', '0000-00-00', '', 0, '2018-03-14 01:43:02', '', NULL, NULL, NULL, NULL, NULL, NULL, NULL),
(146, 'rpm-5aa8e096ad9e1', 'NH', '', '0000-00-00', '', 0, '2018-03-14 01:43:02', '', NULL, NULL, NULL, NULL, NULL, NULL, NULL),
(147, 'rpm-5aa8e6d4ec838', '', '', '2018-03-08', '', 0, '2018-03-14 02:09:40', '', NULL, NULL, NULL, NULL, NULL, NULL, NULL),
(148, 'rpm-5aa8e6ead061f', '', '', '0000-00-00', '', 0, '2018-03-14 02:10:02', '', NULL, NULL, NULL, NULL, NULL, NULL, NULL),
(149, 'rpm-5aa8e81d885c5', '', '', '0000-00-00', '', 0, '2018-03-14 02:15:09', '', NULL, NULL, NULL, NULL, NULL, NULL, NULL),
(150, 'rpm-5aa8e884b37d4', '', '', '0000-00-00', '', 0, '2018-03-14 02:16:52', '', NULL, NULL, NULL, NULL, NULL, NULL, NULL),
(151, 'rpm-5aa8e8c60252d', '', '', '0000-00-00', '', 0, '2018-03-14 02:17:58', '', NULL, NULL, NULL, NULL, NULL, NULL, NULL),
(152, 'rpm-5aa8e9121c37f', '', '', '0000-00-00', '', 0, '2018-03-14 02:19:14', '', NULL, NULL, NULL, NULL, NULL, NULL, NULL),
(153, 'rpm-5aa8e997cd9d4', '', '', '0000-00-00', '', 0, '2018-03-14 02:21:27', '', NULL, NULL, NULL, NULL, NULL, NULL, NULL),
(154, 'rpm-5aa8e9a921731', '', '', '0000-00-00', '', 0, '2018-03-14 02:21:45', '', NULL, NULL, NULL, NULL, NULL, NULL, NULL),
(155, 'rpm-5aa8f9be69e28', '', '', '0000-00-00', '', 0, '2018-03-14 03:30:22', '', NULL, NULL, NULL, NULL, NULL, NULL, NULL),
(156, 'rpm-5aa8fb5dcc588', '', '', '0000-00-00', '', 0, '2018-03-14 03:37:17', '', NULL, NULL, NULL, NULL, NULL, NULL, NULL),
(157, 'rpm-5aa973bc995e8', '', '', '0000-00-00', '', 0, '2018-03-14 12:10:52', '', NULL, NULL, NULL, NULL, NULL, NULL, NULL),
(158, 'rpm-5aa973d8cc971', '', '', '0000-00-00', '', 0, '2018-03-14 12:11:20', '', NULL, NULL, NULL, NULL, NULL, NULL, NULL),
(159, 'rpm-5aa9744d2fee2', '', '', '0000-00-00', '', 0, '2018-03-14 12:13:17', '', NULL, NULL, NULL, NULL, NULL, NULL, NULL),
(160, 'rpm-5aaa67ae818e7', 'I', '', '0000-00-00', '', 0, '2018-03-15 05:31:42', '', NULL, NULL, NULL, NULL, NULL, NULL, NULL),
(161, 'rpm-5aaa71636e59b', '', '', '0000-00-00', '', 0, '2018-03-15 06:13:07', '', NULL, NULL, NULL, NULL, NULL, NULL, NULL),
(162, 'rpm-5aaa716475f02', '', '', '0000-00-00', '', 0, '2018-03-15 06:13:08', '', NULL, NULL, NULL, NULL, NULL, NULL, NULL),
(163, 'rpm-5aabdf093f77d', '', '', '0000-00-00', '', 0, '2018-03-16 08:13:13', '', NULL, NULL, NULL, NULL, NULL, NULL, NULL),
(164, 'rpm-5aabe103ccdf2', '', '', '0000-00-00', '', 0, '2018-03-16 08:21:39', '', NULL, NULL, NULL, NULL, NULL, NULL, NULL),
(165, 'rpm-5aba4ce8b703d', '', '', '0000-00-00', '', 0, '2018-03-27 06:53:44', '', NULL, NULL, NULL, NULL, NULL, NULL, NULL),
(166, 'rpm-5aba4d2044f10', '', '', '0000-00-00', '', 0, '2018-03-27 06:54:40', '', NULL, NULL, NULL, NULL, NULL, NULL, NULL),
(167, 'rpm-5aba4d35d4b9f', '', '', '0000-00-00', '', 0, '2018-03-27 06:55:01', '', NULL, NULL, NULL, NULL, NULL, NULL, NULL),
(168, 'rpm-5aba4d6e41cd7', '', '', '0000-00-00', '', 0, '2018-03-27 06:55:58', '', NULL, NULL, NULL, NULL, NULL, NULL, NULL),
(169, 'rpm-5aba4e5b027e8', '', '', '0000-00-00', '', 0, '2018-03-27 06:59:55', '', NULL, NULL, NULL, NULL, NULL, NULL, NULL),
(170, 'rpm-5aba4f875677c', '', '', '0000-00-00', '', 0, '2018-03-27 07:04:55', '', NULL, NULL, NULL, NULL, NULL, NULL, NULL),
(171, 'rpm-5aba5092ab70a', '', '', '0000-00-00', '', 0, '2018-03-27 07:09:22', '', NULL, NULL, NULL, NULL, NULL, NULL, NULL),
(172, 'rpm-5abb2a1ae1ab0', '', '', '2018-03-28', '', 0, '2018-03-27 22:37:30', '', NULL, NULL, NULL, NULL, NULL, NULL, NULL),
(173, 'rpm-5abb2b8158d1b', '', '', '0000-00-00', '', 0, '2018-03-27 22:43:29', '', NULL, NULL, NULL, NULL, NULL, NULL, NULL),
(174, 'rpm-5abb2e3f55e9b', '', '', '2018-03-28', '', 0, '2018-03-27 22:55:11', '', NULL, NULL, NULL, NULL, NULL, NULL, NULL),
(175, 'rpm-5abb3716a8fcb', '', '', '0000-00-00', '', 0, '2018-03-27 23:32:54', '', NULL, NULL, NULL, NULL, NULL, NULL, NULL),
(176, 'rpm-5abb397c36412', '', '', '0000-00-00', '', 0, '2018-03-27 23:43:08', '', NULL, NULL, NULL, NULL, NULL, NULL, NULL),
(177, 'rpm-5abb3a2c3b692', '', '', '0000-00-00', '', 0, '2018-03-27 23:46:04', '', NULL, NULL, NULL, NULL, NULL, NULL, NULL),
(178, 'rpm-5abb3b35d4e16', '', '', '0000-00-00', '', 0, '2018-03-27 23:50:29', '', NULL, NULL, NULL, NULL, NULL, NULL, NULL),
(179, 'rpm-5abb3fd728f19', '', '', '0000-00-00', '', 0, '2018-03-28 00:10:15', '', NULL, NULL, NULL, NULL, NULL, NULL, NULL),
(180, 'rpm-5abb4595a6392', '', '', '0000-00-00', '', 0, '2018-03-28 00:34:45', '', NULL, NULL, NULL, NULL, NULL, NULL, NULL),
(181, 'rpm-5abb466851ba9', '', '', '0000-00-00', '', 0, '2018-03-28 00:38:16', '', NULL, NULL, NULL, NULL, NULL, NULL, NULL),
(182, 'rpm-5abb7ede0c28f', '', '', '0000-00-00', '', 0, '2018-03-28 04:39:10', '', NULL, NULL, NULL, NULL, NULL, NULL, NULL),
(183, 'rpm-5abb7f9d7977f', '', '', '0000-00-00', '', 0, '2018-03-28 04:42:21', '', NULL, NULL, NULL, NULL, NULL, NULL, NULL),
(184, 'rpm-5abb9fff7e393', '', '', '0000-00-00', '', 0, '2018-03-28 07:00:31', '', NULL, NULL, NULL, NULL, NULL, NULL, NULL),
(185, 'rpm-5abba6db5b579', 'no', '', '0000-00-00', '', 0, '2018-03-28 07:29:47', '', NULL, NULL, NULL, NULL, NULL, NULL, NULL),
(186, 'rpm-5abbaa738e960', '', '', '0000-00-00', '', 0, '2018-03-28 07:45:07', '', NULL, NULL, NULL, NULL, NULL, NULL, NULL),
(187, 'rpm-5abc9e3e49f99', '', '', '0000-00-00', '', 0, '2018-03-29 01:05:18', '', NULL, NULL, NULL, NULL, NULL, NULL, NULL),
(188, 'rpm-5abc9f591db80', '', '', '0000-00-00', '', 0, '2018-03-29 01:10:01', '', NULL, NULL, NULL, NULL, NULL, NULL, NULL),
(189, 'rpm-5abca6a89c334', '', '', '0000-00-00', '', 0, '2018-03-29 01:41:12', '', NULL, NULL, NULL, NULL, NULL, NULL, NULL),
(190, 'rpm-5abca885a92f3', '', '', '0000-00-00', '', 0, '2018-03-29 01:49:09', '', NULL, NULL, NULL, NULL, NULL, NULL, NULL),
(191, 'rpm-5abca97279890', '', '', '0000-00-00', '', 0, '2018-03-29 01:53:06', '', NULL, NULL, NULL, NULL, NULL, NULL, NULL),
(192, 'rpm-5abca9efa2fa1', '', '', '0000-00-00', '', 0, '2018-03-29 01:55:11', '', NULL, NULL, NULL, NULL, NULL, NULL, NULL),
(193, 'rpm-5abcab0155015', '', '', '0000-00-00', '', 0, '2018-03-29 01:59:45', '', NULL, NULL, NULL, NULL, NULL, NULL, NULL),
(194, 'rpm-5abcb518b159c', '', '', '0000-00-00', '', 0, '2018-03-29 02:42:48', '', NULL, NULL, NULL, NULL, NULL, NULL, NULL),
(195, 'rpm-5abcc2b2b35fe', 'hi', '', '0000-00-00', '', 0, '2018-03-29 03:40:50', '', NULL, NULL, NULL, NULL, NULL, NULL, NULL),
(196, 'rpm-5abce9d1052e4', '', '', '0000-00-00', '', 0, '2018-03-29 06:27:45', '', NULL, NULL, NULL, NULL, NULL, NULL, NULL),
(197, 'rpm-5abceb849f27d', '', '', '0000-00-00', '', 0, '2018-03-29 06:35:00', '', NULL, NULL, NULL, NULL, NULL, NULL, NULL),
(198, 'rpm-5abd026d0f1ef', '', '', '0000-00-00', '', 0, '2018-03-29 08:12:45', '', NULL, NULL, NULL, NULL, NULL, NULL, NULL),
(199, 'rpm-5abd036fbd9e2', '', '', '1990-08-06', '', 0, '2018-03-29 08:17:03', '', NULL, NULL, NULL, NULL, NULL, NULL, NULL),
(200, 'rpm-5abd03cf15849', '', '', '0000-00-00', '', 0, '2018-03-29 08:18:39', '', NULL, NULL, NULL, NULL, NULL, NULL, NULL),
(201, 'rpm-5abd043b2c2ff', '', '', '0000-00-00', '', 0, '2018-03-29 08:20:27', '', NULL, NULL, NULL, NULL, NULL, NULL, NULL),
(202, 'rpm-5abd04f59a92f', '', '', '0000-00-00', '', 0, '2018-03-29 08:23:33', '', NULL, NULL, NULL, NULL, NULL, NULL, NULL),
(203, 'rpm-5abdbcfe09010', '', '', '0000-00-00', '', 0, '2018-03-29 21:28:46', '', NULL, NULL, NULL, NULL, NULL, NULL, NULL),
(204, 'rpm-5abe1aa63278e', '', '', '0000-00-00', '', 0, '2018-03-30 04:08:22', '', NULL, NULL, NULL, NULL, NULL, NULL, NULL),
(205, 'rpm-5abe284a34b00', '', '', '0000-00-00', '', 0, '2018-03-30 05:06:34', '', NULL, NULL, NULL, NULL, NULL, NULL, NULL),
(206, 'rpm-5abe2b8c6735a', '', '', '0000-00-00', '', 0, '2018-03-30 05:20:28', '', NULL, NULL, NULL, NULL, NULL, NULL, NULL),
(207, 'rpm-5abe34078f0e2', '', '', '0000-00-00', '', 0, '2018-03-30 05:56:39', '', NULL, NULL, NULL, NULL, NULL, NULL, NULL),
(208, 'rpm-5abe34244e33a', '', '', '0000-00-00', '', 0, '2018-03-30 05:57:08', '', NULL, NULL, NULL, NULL, NULL, NULL, NULL),
(209, 'rpm-5abe34409a056', '', '', '0000-00-00', '', 0, '2018-03-30 05:57:36', '', NULL, NULL, NULL, NULL, NULL, NULL, NULL),
(210, 'rpm-5abe355400aca', '', '', '0000-00-00', '', 0, '2018-03-30 06:02:12', '', NULL, NULL, NULL, NULL, NULL, NULL, NULL),
(211, 'rpm-5abf138ac4801', '', '', '0000-00-00', '', 0, '2018-03-30 21:50:18', '', NULL, NULL, NULL, NULL, NULL, NULL, NULL),
(212, 'rpm-5abf215218988', '', '', '0000-00-00', '', 0, '2018-03-30 22:49:06', '', NULL, NULL, NULL, NULL, NULL, NULL, NULL),
(213, 'rpm-5abf21e422e0f', '', '', '0000-00-00', '', 0, '2018-03-30 22:51:32', '', NULL, NULL, NULL, NULL, NULL, NULL, NULL),
(214, 'rpm-5abf22436248b', '', '', '0000-00-00', '', 0, '2018-03-30 22:53:07', '', NULL, NULL, NULL, NULL, NULL, NULL, NULL),
(215, 'rpm-5abf2334411fa', '', '', '0000-00-00', '', 0, '2018-03-30 22:57:08', '', NULL, NULL, NULL, NULL, NULL, NULL, NULL),
(216, 'rpm-5abf23bfd2b0f', '', '', '0000-00-00', '', 0, '2018-03-30 22:59:27', '', NULL, NULL, NULL, NULL, NULL, NULL, NULL),
(217, 'rpm-5abf2a8fdaff6', '', '', '0000-00-00', '', 0, '2018-03-30 23:28:31', '', NULL, NULL, NULL, NULL, NULL, NULL, NULL),
(218, 'rpm-5ac078b2d29fb', 'posted', '', '2001-02-01', '', 0, '2018-03-31 23:14:10', '', NULL, NULL, NULL, NULL, NULL, NULL, NULL),
(219, 'rpm-5ac07a16e2d03', '', '', '2001-02-01', '', 0, '2018-03-31 23:20:06', '', NULL, NULL, NULL, NULL, NULL, NULL, NULL),
(220, 'rpm-5ac07ce0bc334', '', '', '2001-02-01', '', 0, '2018-03-31 23:32:00', '', NULL, NULL, NULL, NULL, NULL, NULL, NULL),
(221, 'rpm-5ac07f269644d', 'te', '', '0000-00-00', '', 0, '2018-03-31 23:41:42', '', NULL, NULL, NULL, NULL, NULL, NULL, NULL),
(222, 'rpm-5ac07fc7a3ae7', '', '', '0000-00-00', '', 0, '2018-03-31 23:44:23', '', NULL, NULL, NULL, NULL, NULL, NULL, NULL),
(223, 'rpm-5ac07fd56f0c5', '', '', '0000-00-00', '', 0, '2018-03-31 23:44:37', '', NULL, NULL, NULL, NULL, NULL, NULL, NULL),
(224, 'rpm-5ac080a4437c4', '', '', '0000-00-00', '', 0, '2018-03-31 23:48:04', '', NULL, NULL, NULL, NULL, NULL, NULL, NULL),
(225, 'rpm-5ac081a891f3f', '', '', '2018-04-01', '', 0, '2018-03-31 23:52:24', '', NULL, NULL, NULL, NULL, NULL, NULL, NULL),
(226, 'rpm-5ac0874ae9a9e', '', '', '0000-00-00', '', 0, '2018-04-01 00:16:26', '', NULL, NULL, NULL, NULL, NULL, NULL, NULL),
(227, 'rpm-5ac087a3e41dd', '', '', '0000-00-00', '', 0, '2018-04-01 00:17:55', '', NULL, NULL, NULL, NULL, NULL, NULL, NULL),
(228, 'rpm-5ac094432cd0d', '', '', '0000-00-00', '', 0, '2018-04-01 01:11:47', '', NULL, NULL, NULL, NULL, NULL, NULL, NULL),
(229, 'rpm-5ac0945ed84b5', '', '', '0000-00-00', '', 0, '2018-04-01 01:12:14', '', NULL, NULL, NULL, NULL, NULL, NULL, NULL),
(230, 'rpm-5ac0970249363', '', '', '0000-00-00', '', 0, '2018-04-01 01:23:30', '', NULL, NULL, NULL, NULL, NULL, NULL, NULL),
(231, 'jhsjhgj', 'jhgadh', 'sxdsxx', '0000-00-00', 'F', 78676677, '2018-04-01 05:58:54', 'ghsxgda', NULL, NULL, NULL, NULL, NULL, NULL, NULL),
(232, 'jhsjhgj', 'jhgadh', 'sxdsxx', '0000-00-00', 'F', 78676677, '2018-04-01 19:50:55', 'ghsxgda', '[state]', '[district]', '[city]', '[area]', '[location]', NULL, NULL),
(233, 'jhsjhgj', 'jhgadh', 'sxdsxx', '0000-00-00', 'F', 78676677, '2018-04-01 23:15:08', 'ghsxgda', '[state]', '[district]', '[city]', '[area]', '[location]', NULL, NULL),
(234, 'jhsjhgj', 'jhgadh', 'sxdsxx', '0000-00-00', 'F', 78676677, '2018-04-02 05:52:50', 'ghsxgda', '5', '12', '5', '2', '12', NULL, NULL),
(235, 'jhsjhgj', 'jhgadh', 'sxdsxx', '0000-00-00', 'F', 78676677, '2018-04-02 05:53:18', 'ghsxgda', '5', '12', '5', '2', '12', NULL, NULL),
(236, 'jhsjhgj', 'jhgadh', 'sxdsxx', '0000-00-00', 'F', 78676677, '2018-04-02 05:54:22', 'ghsxgda', '5', '12', '5', '2', '12', NULL, NULL),
(237, 'jhsjhgj', 'jhgadh', 'sxdsxx', '0000-00-00', 'F', 78676677, '2018-04-02 05:54:37', 'ghsxgda', '5', '12', '5', '2', '12', NULL, NULL),
(238, 'jhsjhgj', 'jhgadh', 'sxdsxx', '0000-00-00', 'F', 78676677, '2018-04-02 05:54:54', 'ghsxgda', '5', '12', '5', '2', '12', NULL, NULL),
(239, 'jhsjhgj', 'jhgadh', 'sxdsxx', '0000-00-00', 'F', 78676677, '2018-04-02 06:01:50', 'ghsxgda', '5', '12', '5', '2', '12', NULL, 'PW'),
(240, 'jhsjhgj', 'jhgadh', 'sxdsxx', '0000-00-00', 'F', 78676677, '2018-04-02 06:05:22', 'ghsxgda', '5', '12', '5', '2', '12', '45525445555544', 'PW'),
(241, 'jhsjhgj', 'jhgadh', 'sxdsxx', '0000-00-00', 'F', 78676677, '2018-04-02 09:46:11', 'ghsxgda', '5', '12', '5', '2', '12', '45525445555544', 'PW'),
(242, 'jhsjhgj', 'jhgadh', 'sxdsxx', '0000-00-00', 'F', 78676677, '2018-04-03 02:49:46', 'ghsxgda', '5', '12', '5', '2', '12', '45525445555544', 'PW'),
(243, 'jhsjhgj', 'jhgadh', 'sxdsxx', '0000-00-00', 'F', 78676677, '2018-04-03 02:52:56', 'ghsxgda', '5', '12', '5', '2', '12', NULL, 'PW'),
(244, 'jhsjhgj', 'jhgadh', 'sxdsxx', '0000-00-00', 'F', 78676677, '2018-04-03 03:21:52', 'ghsxgda', '5', '12', '5', '2', '12', NULL, 'PW'),
(245, 'jhsjhgj', 'jhgadh', 'sxdsxx', '0000-00-00', 'F', 78676677, '2018-04-03 03:30:38', 'ghsxgda', '5', '12', '5', '2', '12', NULL, 'PW'),
(246, 'REG_180403065530430_5', 'adafsf', 'gsd', '2018-04-03', 'M', 9865659595, '2018-04-03 06:26:16', 'afsgsh', 'Uttar Pradesh', 'Ghaziabad', 'Ghaziabad', 'Khora', 'Ambedkar Part, Indira Vihar', 'PATIENT_180403065530', ''),
(247, 'REG_180403070050450_0', 'gsgsvd', 'hsbdb', '2018-04-03', 'M', 9865356595, '2018-04-03 06:31:38', 'Aurangabad', 'Uttar Pradesh', 'Ghaziabad', 'Ghaziabad', 'Khora', 'Ambedkar Part, Indira Vihar', 'PATIENT_180403070050', ''),
(248, 'REG_180403070652452_6', 'gshhsbd', 'gdbdnd', '2018-04-03', 'M', 5959495995, '2018-04-03 06:37:39', 'hasbdb', 'Uttar Pradesh', 'Ghaziabad', 'Ghaziabad', 'Khora', 'Ambedkar Part, Indira Vihar', 'PATIENT_180403070652', ''),
(249, 'REG_18040307100242_0', 'gsshvd', 'hssbbd', '2018-04-03', 'M', 9863265659, '2018-04-03 06:40:38', 'Aurangabad', 'Uttar Pradesh', 'Ghaziabad', 'Ghaziabad', 'Khora', 'Durga Mandir, Bharat Nagar', 'PATIENT_180403071002', ''),
(250, 'REG_18040307140949_1', 'hzndn', 'ydbdn', '2018-04-03', 'M', 9798989898, '2018-04-03 06:44:33', 'agbzbzbxb', 'Uttar Pradesh', 'Ghaziabad', 'Ghaziabad', 'Khora', 'Durga Mandir, Bharat Nagar', 'PATIENT_180403071409', ''),
(251, 'REG_180403071515415_6', 'sghsbs', 'hssbdn', '2018-04-03', 'M', 9896565655, '2018-04-03 06:45:54', 'bzshsnsn', 'Uttar Pradesh', 'Ghaziabad', 'Ghaziabad', 'Khora', 'Ambedkar Part, Indira Vihar', 'PATIENT_180403071515', ''),
(252, 'REG_18040307240747_2', '', '', '0000-00-00', '', 0, '2018-04-03 06:54:12', '', 'Please Select State', 'Please Select District', 'Please Select City', 'Please Select Area', 'Please Select Location', 'PATIENT_180403072407', ''),
(253, 'REG_180403072526426_4', '', '', '0000-00-00', '', 0, '2018-04-03 06:55:29', '', 'Please Select State', 'Please Select District', 'Please Select City', 'Please Select Area', 'Please Select Location', 'PATIENT_180403072526', ''),
(254, 'REG_180403072748448_6', '', '', '0000-00-00', '', 0, '2018-04-03 06:57:50', '', 'Please Select State', 'Please Select District', 'Please Select City', 'Please Select Area', 'Please Select Location', 'PATIENT_180403072748', ''),
(255, 'REG_180403083056456_5', '', '', '0000-00-00', '', 0, '2018-04-03 08:02:04', '', 'Please Select State', 'Please Select District', 'Please Select City', 'Please Select Area', 'Please Select Location', 'PATIENT_180403083056', ''),
(256, 'REG_180403083056456_5', '', '', '0000-00-00', '', 0, '2018-04-03 08:02:08', '', 'Please Select State', 'Please Select District', 'Please Select City', 'Please Select Area', 'Please Select Location', 'PATIENT_180403083056', ''),
(257, 'REG_18040308470141_3', '', '', '0000-00-00', '', 0, '2018-04-03 08:17:04', '', 'Please Select State', 'Please Select District', 'Please Select City', 'Please Select Area', 'Please Select Location', 'PATIENT_180403084701', ''),
(258, 'REG_180403084955455_0', '', '', '0000-00-00', '', 0, '2018-04-03 08:19:57', '', 'Please Select State', 'Please Select District', 'Please Select City', 'Please Select Area', 'Please Select Location', 'PATIENT_180403084955', ''),
(259, 'REG_180403090744444_3', '', '', '0000-00-00', '', 0, '2018-04-03 08:37:47', '', 'Please Select State', 'Please Select District', 'Please Select City', 'Please Select Area', 'Please Select Location', 'PATIENT_180403090744', ''),
(260, 'REG_180403114834434_4', '', '', '0000-00-00', '', 0, '2018-04-03 11:18:37', '', NULL, NULL, NULL, NULL, NULL, NULL, NULL),
(261, 'REG_180403114834434_4', '', '', '0000-00-00', '', 0, '2018-04-03 11:18:41', '', NULL, NULL, NULL, NULL, NULL, NULL, NULL),
(262, 'REG_180403114834434_4', '', '', '0000-00-00', '', 0, '2018-04-03 11:18:43', '', NULL, NULL, NULL, NULL, NULL, NULL, NULL),
(263, 'REG_180403114834434_4', '', '', '0000-00-00', '', 0, '2018-04-03 11:18:54', '', NULL, NULL, NULL, NULL, NULL, NULL, NULL),
(264, 'REG_180404111159459_0', 'hddhjd', 'grhd', '2018-04-04', 'M', 5959565656, '2018-04-03 22:42:24', 'shdhdh', NULL, NULL, NULL, NULL, NULL, NULL, NULL),
(265, 'REG_180404111159459_0', 'hddhjd', 'grhd', '2018-04-04', 'M', 5959565656, '2018-04-03 22:42:28', 'shdhdh', NULL, NULL, NULL, NULL, NULL, NULL, NULL),
(266, 'rpm-5ac468277f5da', 'jhgadh', 'sxdsxx', '0000-00-00', 'F', 78676677, '2018-04-03 22:52:39', 'ghsxgda', NULL, NULL, NULL, NULL, NULL, NULL, NULL),
(267, 'REG_180404124639439_4', 'Poonam ', 'Dshmukh', '1990-04-28', 'F', 9875007878, '2018-04-04 00:17:25', 'Washim', NULL, NULL, NULL, NULL, NULL, NULL, NULL),
(268, 'REG_180404124639439_4', 'Poonam ', 'Dshmukh', '1990-04-28', 'F', 9875007878, '2018-04-04 00:18:04', 'Washim', NULL, NULL, NULL, NULL, NULL, NULL, NULL),
(269, 'jhsjhgj', 'jhgadh', 'sxdsxx', '0000-00-00', 'F', 78676677, '2018-04-04 00:20:48', 'ghsxgda', NULL, NULL, NULL, NULL, NULL, NULL, NULL),
(270, 'REG_18040412510444_2', 'Poonam', 'Deshmukh ', '1990-04-04', 'F', 9780451215, '2018-04-04 00:21:40', 'Washim', NULL, NULL, NULL, NULL, NULL, NULL, NULL),
(271, 'REG_180404125640440_6', 'Poonam ', 'Deshmukh ', '1990-04-04', 'F', 9784507070, '2018-04-04 00:28:04', 'Washim', NULL, NULL, NULL, NULL, NULL, NULL, NULL),
(272, 'rpm-5ac48041233e9', 'jhgadh', 'sxdsxx', '0000-00-00', 'F', 78676677, '2018-04-04 00:35:29', 'ghsxgda', NULL, NULL, NULL, NULL, NULL, NULL, NULL),
(273, 'jhsjhgj', 'jhgadh', 'sxdsxx', '0000-00-00', 'F', 78676677, '2018-04-04 00:35:38', 'ghsxgda', NULL, NULL, NULL, NULL, NULL, NULL, NULL),
(274, 'jhsjhgj', 'jhgadh', 'sxdsxx', '0000-00-00', 'F', 78676677, '2018-04-04 00:39:40', 'ghsxgda', NULL, NULL, NULL, NULL, NULL, NULL, NULL),
(275, 'jhsjhgj', 'jhgadh', 'sxdsxx', '0000-00-00', 'F', 78676677, '2018-04-04 00:39:54', 'ghsxgda', NULL, NULL, NULL, NULL, NULL, NULL, NULL),
(276, 'rpm-5ac4815842b67', 'jhgadh', 'sxdsxx', '0000-00-00', 'F', 78676677, '2018-04-04 00:40:08', 'ghsxgda', NULL, NULL, NULL, NULL, NULL, NULL, NULL),
(277, 'REG_18040401120242_6', 'Gopika', 'Nikqm', '1994-07-30', 'F', 9875424548, '2018-04-04 00:50:15', 'Aurangabad', NULL, NULL, NULL, NULL, NULL, NULL, NULL),
(278, 'REG_18040401120242_6', 'Gopika ', 'Nikqm', '1994-07-30', 'F', 9875424548, '2018-04-04 00:55:04', 'Aurangabad', NULL, NULL, NULL, NULL, NULL, NULL, NULL),
(279, 'REG_180404012959459_3', 'hahash', 'gshs', '2018-04-04', 'M', 5664989895, '2018-04-04 01:01:54', 'shbdbd', NULL, NULL, NULL, NULL, NULL, NULL, NULL),
(280, 'REG_180404033047447_0', 'Poonam', 'Deshmukh', '2007-04-04', 'F', 9922436185, '2018-04-04 03:12:07', 'fhjj', NULL, NULL, NULL, NULL, NULL, NULL, NULL),
(281, 'REG_180404072439439_1', 'bshddb', 'vsbdbd', '2018-04-04', 'M', 97979, '2018-04-04 06:55:07', 'z zbz', NULL, NULL, NULL, NULL, NULL, NULL, NULL),
(282, 'REG_180404072439439_1', 'bshddb', 'vsbdbd', '2018-04-04', 'M', 97979, '2018-04-04 06:55:10', 'z zbz', NULL, NULL, NULL, NULL, NULL, NULL, NULL),
(283, 'REG_18040407520343_3', 'xxxxhxhbbd', 'bdbbdh', '2018-04-04', 'F', 656956, '2018-04-04 07:22:41', 'bxbd', NULL, NULL, NULL, NULL, NULL, NULL, NULL),
(284, 'REG_18040407520343_3', 'xxxxhxhbbd', 'bdbbdh', '2018-04-04', 'F', 656956, '2018-04-04 07:24:21', 'bxbd', NULL, NULL, NULL, NULL, NULL, NULL, NULL),
(285, 'REG_18040407520343_3', 'xxxxhxhbbd', 'bdbbdh', '2018-04-04', 'F', 656956, '2018-04-04 07:27:02', 'bxbd', NULL, NULL, NULL, NULL, NULL, NULL, NULL),
(286, 'REG_180404075812412_3', 'afbb', 'vav', '2018-04-04', 'M', 9498989899, '2018-04-04 07:28:42', 'bzbdb', NULL, NULL, NULL, NULL, NULL, NULL, NULL),
(287, 'REG_18040401120242_6', 'Gopika', 'Nikqm', '1994-07-30', 'F', 9875424548, '2018-04-04 07:31:28', 'Aurangabad', NULL, NULL, NULL, NULL, NULL, NULL, NULL),
(288, 'REG_18040401120242_6', 'Gopika', 'Nikqm', '1994-07-30', 'F', 9875424548, '2018-04-04 07:39:54', 'Aurangabad', 'Uttar Pradesh', 'Ghaziabad', 'Ghaziabad', 'Khora', 'Ambedkar Part, Indira Vihar', 'PATIENT_180404011202', ''),
(289, 'REG_180404080018418_3', 'vVz', 'hxbx', '2018-04-04', 'M', 9798989898, '2018-04-04 07:40:05', 'bsbdnx', 'Uttar Pradesh', 'Ghaziabad', 'Ghaziabad', 'Khora', 'Durga Mandir, Bharat Nagar', 'PATIENT_180404080018', ''),
(290, 'REG_180404081334434_0', '', '', '0000-00-00', '', 0, '2018-04-04 07:43:50', '', 'Please Select State', 'Please Select District', 'Please Select City', 'Please Select Area', 'Please Select Location', 'PATIENT_180404081334', ''),
(291, 'REG_180404081334434_0', '', '', '0000-00-00', '', 0, '2018-04-04 07:43:50', '', 'Please Select State', 'Please Select District', 'Please Select City', 'Please Select Area', 'Please Select Location', 'PATIENT_180404081334', ''),
(292, 'REG_18040408150040_5', 'vzb', 'hsjz', '2018-04-04', 'M', 9798989898, '2018-04-04 07:45:21', 'sbbx', 'Uttar Pradesh', 'Ghaziabad', 'Ghaziabad', 'Khora', 'Shiv Park, Jardawala Road, Lord Shiva Public Schoo', 'PATIENT_180404081459', ''),
(293, 'REG_180404081754454_5', '', '', '0000-00-00', '', 0, '2018-04-04 07:48:00', '', 'Please Select State', 'Please Select District', 'Please Select City', 'Please Select Area', 'Please Select Location', 'PATIENT_180404081754', ''),
(294, 'REG_180404082159459_4', 'rfg', 'fc', '2018-04-04', 'M', 8555555555, '2018-04-04 07:52:30', 'dhbcc', 'Uttar Pradesh', 'Ghaziabad', 'Ghaziabad', 'Khora', 'Durga Mandir, Bharat Nagar', 'PATIENT_180404082159', ''),
(295, 'REG_18040408240343_6', '', '', '0000-00-00', '', 0, '2018-04-04 07:54:16', '', 'Please Select State', 'Please Select District', 'Please Select City', 'Please Select Area', 'Please Select Location', 'PATIENT_180404082403', ''),
(296, 'REG_18040408350747_4', '', '', '0000-00-00', '', 0, '2018-04-04 08:05:10', '', 'Please Select State', 'Please Select District', 'Please Select City', 'Please Select Area', 'Please Select Location', 'PATIENT_180404083507', ''),
(297, 'REG_180404083819419_2', '', '', '0000-00-00', '', 0, '2018-04-04 08:08:28', '', 'Please Select State', 'Please Select District', 'Please Select City', 'Please Select Area', 'Please Select Location', 'PATIENT_180404083819', ''),
(298, 'REG_180404084223423_2', '', '', '0000-00-00', '', 0, '2018-04-04 08:12:28', '', 'Please Select State', 'Please Select District', 'Please Select City', 'Please Select Area', 'Please Select Location', 'PATIENT_180404084223', ''),
(299, 'REG_18040408510040_3', 'Gopika ', 'Nikam', '2018-04-04', 'M', 9635659989, '2018-04-04 08:21:32', 'Aurangabad', 'Uttar Pradesh', 'Ghaziabad', 'Ghaziabad', 'Khora', 'Ambedkar Part, Indira Vihar', 'PATIENT_180404085100', ''),
(300, 'REG_18040410010141_4', 'hzhsbsb', 'vdbxbx', '1993-04-04', 'M', 6565665566, '2018-04-04 09:31:40', 'Auranagabad', 'Uttar Pradesh', 'Ghaziabad', 'Ghaziabad', 'Khora', 'Ambedkar Part, Indira Vihar', 'PATIENT_180404100101', ''),
(301, 'REG_180404101619419_5', 'Gopika ', 'Nikam ', '1994-04-04', 'M', 9863568686, '2018-04-04 09:51:31', 'E-18,Suyog Colony,Padmpura,Aurangabad', 'Uttar Pradesh', 'Ghaziabad', 'Ghaziabad', 'Khora', 'Ambedkar Part, Indira Vihar', 'PATIENT_180404101619', ''),
(302, 'REG_180404102524424_0', 'ABC', 'xyz', '2018-04-04', 'M', 9865656565, '2018-04-04 09:56:50', 'vshs', 'Uttar Pradesh', 'Ghaziabad', 'Ghaziabad', 'Khora', 'Ambedkar Part, Indira Vihar', 'PATIENT_180404102524', ''),
(303, 'REG_180404102711411_3', 'fggs', 'dghs', '2018-04-04', 'M', 9989889959, '2018-04-04 09:58:07', 'bsv', 'Uttar Pradesh', 'Ghaziabad', 'Ghaziabad', 'Khora', 'Valmiki Mandir, Adarsh Nagar', 'PATIENT_180404102711', ''),
(304, 'REG_180404104027427_3', 'fff', 'r', '2018-04-04', 'M', 5556655555, '2018-04-04 10:11:11', 'fgg', 'Uttar Pradesh', 'Ghaziabad', 'Ghaziabad', 'Khora', 'Ambedkar Part, Indira Vihar', 'PATIENT_180404104027', ''),
(305, 'REG_180404105919419_3', 'axc', 'gag', '1995-04-11', 'M', 8421076844, '2018-04-04 10:30:07', 'Nashik', 'Uttar Pradesh', 'Ghaziabad', 'Ghaziabad', 'Khora', 'Ambedkar Part, Indira Vihar', 'PATIENT_180404105919', ''),
(306, 'REG_180404110731431_6', 'Asdfgh', 'vsbsbs', '1987-04-04', 'M', 6499959595, '2018-04-04 10:39:56', 'gshsg', 'Uttar Pradesh', 'Ghaziabad', 'Ghaziabad', 'Khora', 'Ambedkar Part, Indira Vihar', 'PATIENT_180404110731', ''),
(307, 'jhsjhgj', 'jhgadh', 'sxdsxx', '0000-00-00', 'F', 78676677, '2018-04-04 11:00:13', 'ghsxgda', NULL, NULL, NULL, NULL, NULL, NULL, NULL),
(308, 'REG_180404113724424_2', 'vzzv', 'shsh', '1997-04-04', 'M', 9862365565, '2018-04-04 11:10:26', 'bzbd', 'Uttar Pradesh', 'Ghaziabad', 'Ghaziabad', 'Khora', 'Valmiki Mandir, Adarsh Nagar', 'PAT_180404113724424_', ''),
(309, 'REG_180404114253453_3', 'dfv', 'hd hd', '1991-04-04', 'M', 9998525400, '2018-04-04 11:15:16', 'Pune', 'Uttar Pradesh', 'Ghaziabad', 'Ghaziabad', 'Khora', 'Ambedkar Part, Indira Vihar', 'PAT180404114253453_5', ''),
(310, 'jhsjhgj', 'jhgadh', 'sxdsxx', '0000-00-00', 'F', 78676677, '2018-04-04 11:20:24', 'ghsxgda', NULL, NULL, NULL, NULL, NULL, NULL, NULL),
(311, 'REG_180405120122422_1', 'hbzzg', 'hsbd', '2018-04-05', 'M', 6766889598, '2018-04-04 11:31:54', 'nznxbxnx', 'Uttar Pradesh', 'Ghaziabad', 'Ghaziabad', 'Khora', 'Ambedkar Part, Indira Vihar', 'PAT180405120122422_5', ''),
(312, 'REG_180405121626426_1', 'bzzbb', 'bdb', '2018-04-05', 'M', 8998898989, '2018-04-04 11:46:53', 'bxbxbxx ', 'Uttar Pradesh', 'Ghaziabad', 'Ghaziabad', 'Khora', 'Durga Mandir, Bharat Nagar', 'PAT180405121626426_5', ''),
(313, 'REG_180405122222422_4', 'fjjfjf', 'jfjfh', '2018-04-05', 'M', 9595995599, '2018-04-04 11:52:50', 'fchhb', 'Uttar Pradesh', 'Ghaziabad', 'Ghaziabad', 'Khora', 'Near Shriram Builders, Azad Nagar', 'PAT180405122221421_0', ''),
(314, 'REG_18040512280141_3', 'bddb', 'hd hd', '2018-04-05', 'M', 3565656565, '2018-04-04 11:58:23', 'hd hd', 'Uttar Pradesh', 'Ghaziabad', 'Ghaziabad', 'Khora', 'Durga Mandir, Bharat Nagar', 'PAT18040512280141_2', ''),
(315, 'REG_180405123046446_0', 'vzbz', 'sggs', '2018-04-05', 'M', 9989898998, '2018-04-04 12:01:08', 'vbxbz', 'Uttar Pradesh', 'Ghaziabad', 'Ghaziabad', 'Khora', 'Valmiki Mandir, Adarsh Nagar', 'PAT180405123046446_5', ''),
(316, 'REG_180405123626426_0', 'asdf', 'fags', '1980-04-05', 'F', 9840707070, '2018-04-04 12:08:15', 'Ai ga vsv', 'Uttar Pradesh', 'Ghaziabad', 'Ghaziabad', 'Khora', 'Near Nagar Palika office', 'PAT180405123626426_6', ''),
(317, 'REG_180405125124424_3', 'bzbz', 'xhbs', '2018-04-05', 'M', 7367646565, '2018-04-04 12:21:50', 'zbbs', 'Uttar Pradesh', 'Ghaziabad', 'Ghaziabad', 'Khora', 'Durga Mandir, Bharat Nagar', 'PAT180405125124424_2', ''),
(318, 'jhsjhgj', 'jhgadh', 'sxdsxx', '0000-00-00', 'F', 78676677, '2018-04-04 12:32:20', 'ghsxgda', NULL, NULL, NULL, NULL, NULL, NULL, NULL),
(319, 'REG_18040507460343_5', 'Bhavana ', 'Bhaise ', '1989-04-05', 'F', 9922436485, '2018-04-04 19:17:43', 'Ghncbn', 'Uttar Pradesh', 'Ghaziabad', 'Ghaziabad', 'Khora', 'Indraprashtha Vidyalaya, Prem Vihar', 'PAT18040507460343_3', ''),
(320, 'REG_180405075715415_4', 'Fgh', 'Fhj', '2014-04-05', 'F', 9922436485, '2018-04-04 19:28:01', 'Cgbb', 'Uttar Pradesh', 'Ghaziabad', 'Ghaziabad', 'Khora', 'Near Nagar Palika office', 'PAT180405075715415_6', ''),
(321, 'REG_180405075821421_0', 'Fhhh', 'Fhbb', '2013-04-05', 'F', 9922436485, '2018-04-04 19:29:47', 'Xgb', 'Uttar Pradesh', 'Ghaziabad', 'Ghaziabad', 'Khora', 'Indraprashtha Vidyalaya, Prem Vihar', 'PAT180405075821421_5', ''),
(322, 'REG_18040508000747_0', 'Akash', 'Nikam ', '2018-04-05', 'M', 9784545451, '2018-04-04 19:31:58', 'Aurangabad', 'Uttar Pradesh', 'Ghaziabad', 'Ghaziabad', 'Khora', 'Durga Mandir, Bharat Nagar', 'PAT18040508000747_4', ''),
(323, 'REG_18040508130646_3', 'Poonam ', 'Depending on ', '2013-04-05', 'F', 9922426485, '2018-04-04 19:44:04', 'Fhbh', 'Uttar Pradesh', 'Ghaziabad', 'Ghaziabad', 'Khora', 'Near Nagar Palika office', 'PAT18040508130646_1', ''),
(324, 'REG_180405083026426_6', 'Dgh', 'Fhh', '2014-04-05', 'F', 9922436485, '2018-04-04 20:01:21', 'Cjnn', 'Uttar Pradesh', 'Ghaziabad', 'Ghaziabad', 'Khora', 'Indraprashtha Vidyalaya, Prem Vihar', 'PAT180405083026426_3', ''),
(325, 'REG_180405083337437_6', 'Gopika ', 'Nikam', '1994-07-30', 'F', 9834795713, '2018-04-04 20:04:33', 'Aurangabad', 'Uttar Pradesh', 'Ghaziabad', 'Ghaziabad', 'Khora', 'Ambedkar Part, Indira Vihar', 'PAT180405083337437_5', ''),
(326, 'jhsjhgj', 'jhgadh', 'sxdsxx', '0000-00-00', 'F', 78676677, '2018-04-04 20:25:32', 'ghsxgda', '5', '4', '3', '2', '1', NULL, 'PW'),
(327, 'REG_18040508550949_6', 'Ghjj', 'Cgj', '2018-04-05', 'F', 9975294782, '2018-04-04 20:25:57', 'Fhj', 'Uttar Pradesh', 'Ghaziabad', 'Ghaziabad', 'Khora', 'Indraprashtha Vidyalaya, Prem Vihar', 'PAT18040508550949_4', ''),
(328, 'jhsjhgj', 'jhgadh', 'sxdsxx', '0000-00-00', 'F', 78676677, '2018-04-04 22:03:02', 'ghsxgda', NULL, NULL, NULL, NULL, NULL, '123456789012', NULL),
(329, 'jhsjhgj', 'jhgadh', 'sxdsxx', '0000-00-00', 'F', 78676677, '2018-04-04 22:07:10', 'ghsxgda', NULL, NULL, NULL, NULL, NULL, '123456789012', NULL),
(330, 'jhsjhgj', 'jhgadh', 'sxdsxx', '0000-00-00', 'F', 78676677, '2018-04-04 22:07:24', 'ghsxgda', NULL, NULL, NULL, NULL, NULL, '46720315994372518086', NULL),
(331, 'rpm-5ac5af4b969a3', 'jhgadh', 'sxdsxx', '0000-00-00', 'F', 78676677, '2018-04-04 22:08:27', 'ghsxgda', NULL, NULL, NULL, NULL, NULL, '24201731856470359698', NULL),
(332, 'rpm-5ac5de6a43538', 'haunt', 'Hain', '2018-04-05', 'M', 9503745535, '2018-04-05 01:29:30', 'have', 'Uttar Pradesh', 'Ghaziabad', 'Ghaziabad', 'Khora', 'Durga Mandir, Bharat Nagar', 'PAT180405115717417_1', ''),
(333, 'rpm-5ac5fda1e9073', 'hfj', 'juu', '1995-04-05', 'M', 9818394477, '2018-04-05 03:42:41', 'abhay khand 3, ', 'Uttar Pradesh', 'Ghaziabad', 'Ghaziabad', 'Khora', 'Ambedkar Part, Indira Vihar', 'PAT180405040928428_0', ''),
(334, 'rpm-5ac642c9d5953', 'Gopika ', 'Nikam ', '1997-04-05', 'M', 9863535656, '2018-04-05 08:37:45', 'nashik ', 'Uttar Pradesh', 'Ghaziabad', 'Ghaziabad', 'Khora', 'Ambedkar Part, Indira Vihar', 'PAT180405090653453_0', ''),
(335, 'rpm-5ac64330e84cf', 'Gsbd', 'hsbd', '1983-04-05', 'M', 9868988989, '2018-04-05 08:39:28', 'vs bs', 'Uttar Pradesh', 'Ghaziabad', 'Ghaziabad', 'Khora', 'Durga Mandir, Bharat Nagar', 'PAT18040509090040_2', ''),
(336, 'rpm-5ac643f0270f0', 'ddfffddddjdj', 'susudu', '2018-04-05', 'F', 6566565656, '2018-04-05 08:42:40', 'xhxhhdhc dfff xc', 'Uttar Pradesh', 'Ghaziabad', 'Ghaziabad', 'Khora', 'Shiv Park, Jardawala Road, Lord Shiva Public Schoo', 'PAT18040509110545_4', ''),
(337, 'rpm-5ac646f94a9a5', 'Vishal', 'Patil ', '1994-04-05', 'M', 9825989989, '2018-04-05 08:55:37', 'Aurangabad', 'Uttar Pradesh', 'Ghaziabad', 'Ghaziabad', 'Khora', 'Ambedkar Part, Indira Vihar', 'PAT180405092416416_1', ''),
(338, 'rpm-5ac705711c7ba', 'Gopika ', 'Nikam', '2018-04-06', 'M', 9865235659, '2018-04-05 22:28:17', 'Aurangabad', 'Uttar Pradesh', 'Ghaziabad', 'Ghaziabad', 'Khora', 'Valmiki Mandir, Adarsh Nagar', 'PAT180406105647447_4', ''),
(339, 'rpm-5ac70580709e0', 'Gopika ', 'Nikam', '2018-04-06', 'M', 9865235659, '2018-04-05 22:28:32', 'Aurangabad', 'Uttar Pradesh', 'Ghaziabad', 'Ghaziabad', 'Khora', 'Valmiki Mandir, Adarsh Nagar', 'PAT180406105647447_4', ''),
(340, 'rpm-5ac707efdb327', 'Poonam ', 'Deshmukh', '1993-04-06', 'F', 9865356455, '2018-04-05 22:38:55', 'Aurangabad', 'Uttar Pradesh', 'Ghaziabad', 'Ghaziabad', 'Khora', 'Durga Mandir, Bharat Nagar', 'PAT180406110812412_5', ''),
(341, 'rpm-5ac70884a8f87', 'Gopal', 'Sharma ', '1980-04-06', 'M', 8751248487, '2018-04-05 22:41:24', 'Pune', 'Uttar Pradesh', 'Ghaziabad', 'Ghaziabad', 'Khora', 'Ambedkar Part, Indira Vihar', '777777777777', ''),
(342, 'rpm-5ac709985e040', 'hh', 'hb', '1985-04-06', 'M', 9818394477, '2018-04-05 22:46:00', '332 b indirapuram', 'Uttar Pradesh', 'Ghaziabad', 'Ghaziabad', 'Khora', 'Near Kajal Printers, Vandana Vihar', 'PAT180406111322422_5', ''),
(343, 'rpm-5ac78b6702d65', 'Sonu', 'Kakkar ', '1984-04-06', 'F', 8754218487, '2018-04-06 07:59:51', 'Mumbai', 'Uttar Pradesh', 'Ghaziabad', 'Ghaziabad', 'Khora', 'Valmiki Mandir, Adarsh Nagar', '111111111111', ''),
(344, 'rpm-5ac78e05253a8', 'Neha', 'Kakkar ', '1985-04-06', 'F', 6895565656, '2018-04-06 08:11:01', 'Mumbai', 'Uttar Pradesh', 'Ghaziabad', 'Ghaziabad', 'Khora', 'Durga Mandir, Bharat Nagar', 'PAT18040608390646_4', ''),
(345, 'rpm-5ac7921f98998', 'Sumit', 'Sharma ', '2014-04-06', 'M', 9865356598, '2018-04-06 08:28:31', 'Pune', 'Uttar Pradesh', 'Ghaziabad', 'Ghaziabad', 'Khora', 'Shiv Park, Jardawala Road, Lord Shiva Public Schoo', '333333333333', ''),
(346, 'rpm-5ac7938fdc710', 'gddh', 'the hd', '1998-04-06', 'M', 8998989898, '2018-04-06 08:34:39', 'hsdbd', 'Uttar Pradesh', 'Ghaziabad', 'Ghaziabad', 'Khora', 'Shiv Park, Jardawala Road, Lord Shiva Public Schoo', 'PAT180406090355455_5', ''),
(347, 'rpm-5ac79b55a8b71', 'fgdg', 'dd hd', '2014-04-06', 'M', 6598989889, '2018-04-06 09:07:49', 'vxbx', 'Uttar Pradesh', 'Ghaziabad', 'Ghaziabad', 'Khora', 'Near Nagar Palika office', 'PAT180406093643443_6', ''),
(348, 'rpm-5ac7a55066117', 'hd bd', 'DG hd', '2018-04-06', 'M', 9898989868, '2018-04-06 09:50:24', 'xhdn', 'Uttar Pradesh', 'Ghaziabad', 'Ghaziabad', 'Khora', 'Valmiki Mandir, Adarsh Nagar', 'PAT18040610200343_3', ''),
(349, 'rpm-5ac7d71d60e96', 'jhgadh', 'sxdsxx', '0000-00-00', 'F', 78676677, '2018-04-06 13:22:53', 'ghsxgda', NULL, NULL, NULL, NULL, NULL, '46385227970165830149', 'PW'),
(350, 'rpm-5ac853d15abb2', 'pooja', 'joshi', '2018-04-07', 'M', 9582409879, '2018-04-06 22:14:57', 'rajiv vihar', 'Uttar Pradesh', 'Ghaziabad', 'Ghaziabad', 'Khora', 'Durga Mandir, Bharat Nagar', 'PAT180407104339439_2', ''),
(351, 'rpm-5ac857cbdaed2', 'rope', 'singh', '2018-03-08', 'M', 9953044625, '2018-04-06 22:31:55', 'wz 23 naraina', 'Uttar Pradesh', 'Ghaziabad', 'Ghaziabad', 'Khora', 'Shiv Park, Jardawala Road, Lord Shiva Public Schoo', 'PAT180407104818418_6', '');
INSERT INTO `patient_master` (`id`, `registration_no`, `fname`, `lanme`, `dob`, `gender`, `mobile`, `regitrationdate`, `address`, `state`, `district`, `city`, `area`, `location`, `unique_id`, `patient_category`) VALUES
(352, 'rpm-5ac877c6c37ab', 'Asdf', 'zcvxx', '1995-04-07', 'M', 8457070707, '2018-04-07 00:48:22', 'Aurangabad', 'Uttar Pradesh', 'Ghaziabad', 'Ghaziabad', 'Khora', 'Shiv Park, Jardawala Road, Lord Shiva Public Schoo', '444444444444', ''),
(353, 'rpm-5ac87d9a99ba3', 'hshsb hxbdbd', 'hd hd xjxbxnx', '1990-04-07', 'F', 6592356568, '2018-04-07 01:13:14', 'Aurangabad', 'Uttar Pradesh', 'Ghaziabad', 'Ghaziabad', 'Khora', 'Shiv Park, Jardawala Road, Lord Shiva Public Schoo', 'PAT180407014239439_6', 'LW'),
(354, 'rpm-5ac87f0a837b3', 'shsb', 'hash xbxb', '1985-04-07', 'F', 9865623265, '2018-04-07 01:19:22', 'Aurangabad', 'Uttar Pradesh', 'Ghaziabad', 'Ghaziabad', 'Khora', 'Valmiki Mandir, Adarsh Nagar', 'PAT180407014641441_0', 'LW'),
(355, 'rpm-5ac8898116b58', 'dssg', 'ghd dbdbd', '1997-04-07', 'M', 6532988088, '2018-04-07 02:04:01', 'sgdgh dbdbd', 'Uttar Pradesh', 'Ghaziabad', 'Ghaziabad', 'Khora', 'Shiv Park, Jardawala Road, Lord Shiva Public Schoo', 'PAT180407023247447_5', ''),
(356, 'rpm-5ac88a60a949b', 'SV SV xbxb', 'xbbs', '1994-04-07', 'F', 9865326565, '2018-04-07 02:07:44', 'zgsgs xbdbdh', 'Uttar Pradesh', 'Ghaziabad', 'Ghaziabad', 'Khora', 'Near Shriram Builders, Azad Nagar', 'PAT180407023618418_1', ''),
(357, 'rpm-5ac88b018d1c1', 'gsgshsB hd xbdbdb', 'hshsb bddbbd', '1996-04-07', 'F', 9865322656, '2018-04-07 02:10:25', 'Nashik', 'Uttar Pradesh', 'Ghaziabad', 'Ghaziabad', 'Khora', 'Extension Chowk, Sangam Park, Rajeev Nagar', 'PAT180407023845445_1', 'LW'),
(358, 'rpm-5ac891a50874f', 'GFS zbsb', 'SG hd xbxb', '1990-04-07', 'F', 9895656565, '2018-04-07 02:38:45', 'nashik ', 'Uttar Pradesh', 'Ghaziabad', 'Ghaziabad', 'Khora', 'Near Nagar Palika office', 'PAT180407030745445_4', 'PW'),
(359, 'rpm-5ac8925c6beea', 'z zb', 'zbdb', '2018-04-07', 'M', 9798989865, '2018-04-07 02:41:48', 'jdndhd', 'Uttar Pradesh', 'Ghaziabad', 'Ghaziabad', 'Khora', 'Shiv Park, Jardawala Road, Lord Shiva Public Schoo', 'PAT180407031120420_1', 'LW'),
(360, 'rpm-5ac8ba8eaf9bd', 'Iliyas', 'Ansari', '1973-07-01', 'M', 9818181373, '2018-04-07 05:33:18', 'Khoda village ', 'Uttar Pradesh', 'Ghaziabad', 'Ghaziabad', 'Khora', 'Ambedkar Part, Indira Vihar', 'PAT180407060047447_6', ''),
(361, 'rpm-5ac9be5949805', 'Salman ', 'Khan ', '1973-04-08', 'M', 9862356595, '2018-04-08 00:01:45', 'Nashik', 'Uttar Pradesh', 'Ghaziabad', 'Ghaziabad', 'Khora', 'Near Shriram Builders, Azad Nagar', 'PAT180408122934434_5', 'PW'),
(362, 'rpm-5ac9d6988f2ce', 'Gzb', 'dbdb', '1994-04-08', 'F', 9862356598, '2018-04-08 01:45:12', 'gshdhd', 'Uttar Pradesh', 'Ghaziabad', 'Ghaziabad', 'Khora', 'Valmiki Mandir, Adarsh Nagar', 'PAT180408021223423_6', 'PW');

-- --------------------------------------------------------

--
-- Table structure for table `priscribedose`
--

CREATE TABLE IF NOT EXISTS `priscribedose` (
  `id` int(11) NOT NULL AUTO_INCREMENT,
  `name` text NOT NULL,
  `frequency` int(11) NOT NULL,
  `days` int(11) NOT NULL,
  `medicalconditionid` bigint(20) NOT NULL,
  PRIMARY KEY (`id`)
) ENGINE=InnoDB  DEFAULT CHARSET=latin1 AUTO_INCREMENT=50 ;

--
-- Dumping data for table `priscribedose`
--

INSERT INTO `priscribedose` (`id`, `name`, `frequency`, `days`, `medicalconditionid`) VALUES
(14, 'gsg', 5, 5, 17),
(15, 'Fhh', 0, 0, 18),
(16, 'hshs', 0, 0, 19),
(17, 'fhfjcj', 0, 0, 33),
(18, 'Gj', 0, 0, 69),
(19, 'Cjcj', 0, 0, 70),
(20, 'vsvs', 3, 20, 148),
(21, 'bzbs', 3, 1, 149),
(22, 'OMECAP CAP(B15)', 2, 20, 153),
(23, 'OMECAP CAP(B15)', 5, 10, 154),
(24, 'VOMISTOP-10DT', 5, 15, 154),
(25, 'OMECAP CAP(B15)', 3, 10, 155),
(26, 'OMECAP CAP(B15)', 5, 20, 158),
(27, 'hdhdh', 54, 5, 6),
(28, 'NAYNAMINCETIN APPLICAP', 3, 5, 159),
(29, 'DOMIPEN SYP', 6, 5, 159),
(30, 'Medicine Name: \nAUSTRO ANTACID ORANGE SYP', 0, 0, 160),
(31, 'Medicine Name: \nTAVERA-M', 0, 0, 160),
(32, 'Medicine Name: \nNAYNAMINCETIN APPLICAP', 0, 0, 161),
(33, 'Medicine Name: \nAUSTRO ANTACID ORANGE SYP', 0, 0, 161),
(34, 'Medicine Name: \nDOMIPEN SYP', 4, 6, 162),
(35, 'Medicine Name: \nOMECAP CAP(B15)', 6, 10, 165),
(36, 'Medicine Name: \nDERICIP 300 TETARD', 5, 6, 166),
(37, 'Medicine Name: \nDOMIPEN SYP', 3, 2, 171),
(38, 'Medicine Name: \nOMECAP CAP(B15)', 1, 20, 174),
(39, 'Medicine Name: \nDOMIPEN SYP', 3, 5, 176),
(40, 'Medicine Name: \nMFT-SPAS TAB (B)', 2, 3, 177),
(41, 'Medicine Name: \nVOMISTOP-10DT', 2, 10, 179),
(42, 'Medicine Name: \nMFT-SPAS TAB (B)', 3, 15, 179),
(43, 'Medicine Name: \nOMECAP CAP(B15)', 1, 24, 180),
(44, 'Medicine Name: \nMFT-SPAS TAB (B)', 3, 10, 180),
(45, 'Medicine Name: \nDOMIPEN SYP', 3, 15, 186),
(46, 'Medicine Name: \nSPASMINDON DROPS', 2, 10, 190),
(47, 'Medicine Name: \nVOMISTOP-10DT', 3, 15, 190),
(48, 'Medicine Name: \nVOMISTOP-10DT', 3, 15, 191),
(49, 'Medicine Name: \nGENTATAB EYE DROPS', 2, 5, 194);

-- --------------------------------------------------------

--
-- Table structure for table `State_Master`
--

CREATE TABLE IF NOT EXISTS `State_Master` (
  `id` int(11) NOT NULL AUTO_INCREMENT,
  `name` text NOT NULL,
  `country_id` int(11) NOT NULL,
  PRIMARY KEY (`id`)
) ENGINE=MyISAM  DEFAULT CHARSET=latin1 AUTO_INCREMENT=2 ;

--
-- Dumping data for table `State_Master`
--

INSERT INTO `State_Master` (`id`, `name`, `country_id`) VALUES
(1, 'Uttar Pradesh', 0);

-- --------------------------------------------------------

--
-- Table structure for table `test_master`
--

CREATE TABLE IF NOT EXISTS `test_master` (
  `id` int(11) NOT NULL AUTO_INCREMENT,
  `test_name` varchar(100) NOT NULL,
  PRIMARY KEY (`id`)
) ENGINE=InnoDB  DEFAULT CHARSET=latin1 AUTO_INCREMENT=18 ;

--
-- Dumping data for table `test_master`
--

INSERT INTO `test_master` (`id`, `test_name`) VALUES
(1, 'Complete Blood Count (CBC)/ Homogram (Hgm)'),
(2, 'Liver Function Test (LFT)'),
(3, 'Kidney Function Test'),
(4, 'Lipid Profile'),
(5, 'Glucose Profile (BSR)'),
(6, 'WIDAL'),
(7, 'TYPHIDOT'),
(8, 'Malaria Serology'),
(9, 'RA Factor'),
(10, 'HBSAG (Hepatitis B AG)'),
(11, 'Urine Examination'),
(12, 'CRP'),
(13, 'Anti HCV'),
(14, 'HIV'),
(15, 'VDRL'),
(16, 'GCT'),
(17, 'ABO RH (Blood Group)');

-- --------------------------------------------------------

--
-- Table structure for table `user_table`
--

CREATE TABLE IF NOT EXISTS `user_table` (
  `id` int(11) NOT NULL AUTO_INCREMENT,
  `village_name` text,
  `user_name` text,
  `vilage_id` int(11) NOT NULL,
  `tq_id` int(11) DEFAULT NULL,
  `mobile` text,
  `dob` text,
  `birthday` text,
  `password` text,
  PRIMARY KEY (`id`)
) ENGINE=InnoDB  DEFAULT CHARSET=latin1 AUTO_INCREMENT=54 ;

--
-- Dumping data for table `user_table`
--

INSERT INTO `user_table` (`id`, `village_name`, `user_name`, `vilage_id`, `tq_id`, `mobile`, `dob`, `birthday`, `password`) VALUES
(1, 'Morhira', 'Vishal Test', 1, NULL, '9975294782', NULL, NULL, 'user@123'),
(2, 'Poonam', 'Pooname Deshmukh', 2, NULL, '9922436485', NULL, NULL, 'user@123');

-- --------------------------------------------------------

--
-- Table structure for table `vaccinationmaster`
--

CREATE TABLE IF NOT EXISTS `vaccinationmaster` (
  `id` bigint(20) NOT NULL AUTO_INCREMENT,
  `dpt` enum('Y','N','','') NOT NULL DEFAULT 'N',
  `bcg` enum('Y','N','','') NOT NULL DEFAULT 'N',
  `measles` enum('Y','N','','') NOT NULL DEFAULT 'N',
  `opv` enum('Y','N','','') NOT NULL DEFAULT 'N',
  `ttt` enum('Y','N','','') NOT NULL DEFAULT 'N',
  `hepatitis` enum('Y','N','','') NOT NULL DEFAULT 'N',
  `other` text,
  `patient_id` bigint(20) NOT NULL,
  `registration_no` text NOT NULL,
  `visit_master_id` int(11) DEFAULT NULL,
  PRIMARY KEY (`id`)
) ENGINE=InnoDB  DEFAULT CHARSET=latin1 AUTO_INCREMENT=149 ;

--
-- Dumping data for table `vaccinationmaster`
--

INSERT INTO `vaccinationmaster` (`id`, `dpt`, `bcg`, `measles`, `opv`, `ttt`, `hepatitis`, `other`, `patient_id`, `registration_no`, `visit_master_id`) VALUES
(16, '', 'Y', 'Y', '', '', '', '', 26, 'rpm-5a75b4e11a8b8', NULL),
(17, 'Y', 'Y', 'Y', '', '', '', '', 27, 'rpm-5a75b59cb30fb', NULL),
(18, 'Y', 'Y', '', '', '', '', '', 28, 'rpm-5a75bb0e56a01', NULL),
(19, '', '', '', '', '', '', '', 30, 'rpm-5a784f4a796fc', NULL),
(20, '', '', '', '', '', '', '', 32, 'rpm-5a784f9e65eda', NULL),
(21, '', '', '', '', '', '', '', 34, 'rpm-5a827f24a4a2c', NULL),
(22, '', '', '', '', '', '', '', 35, 'rpm-5a82802c7b5fd', NULL),
(23, '', '', '', '', '', '', '', 36, 'rpm-5a82812d74214', NULL),
(24, '', '', '', '', '', '', '', 39, 'rpm-5a82867bd18df', NULL),
(25, '', '', '', '', '', '', '', 38, 'rpm-5a828678a640c', NULL),
(26, '', '', '', '', '', '', '', 40, 'rpm-5a8287679a050', NULL),
(27, '', '', '', '', '', '', '', 42, 'rpm-5a8289f8e0ea7', NULL),
(28, '', '', '', '', '', '', '', 44, 'rpm-5a82d58e01d27', NULL),
(29, '', '', '', '', '', '', '', 45, 'rpm-5a83cf692b651', NULL),
(30, '', '', '', '', '', '', '', 46, 'rpm-5a84952304183', NULL),
(31, '', '', '', '', '', '', '', 49, 'rpm-5a8d37cbb7454', NULL),
(32, '', '', '', '', '', '', '', 52, 'rpm-5a90215e885c8', NULL),
(33, '', '', '', '', '', '', '', 54, 'rpm-5a90236fe62e5', NULL),
(34, '', '', '', '', '', '', '', 57, 'rpm-5a982dae874f3', NULL),
(35, '', '', '', '', '', '', '', 58, 'rpm-5a982ee2f26fc', NULL),
(36, '', '', '', '', '', '', '', 61, 'rpm-5a9bab677f9ca', NULL),
(37, '', '', '', '', '', '', '', 124, 'rpm-5a9e6791ecbd4', NULL),
(38, '', '', '', '', '', '', '', 126, 'rpm-5a9f88198352a', NULL),
(39, '', '', '', '', '', '', '', 128, 'rpm-5a9f89a058e9b', NULL),
(40, '', '', '', '', '', '', '', 129, 'rpm-5a9f8a5a8688f', NULL),
(41, '', '', '', '', '', '', '', 130, 'rpm-5a9f8be20d309', NULL),
(42, '', '', '', '', '', '', '', 131, 'rpm-5a9f8c3520e7a', NULL),
(43, '', '', '', '', '', '', '', 132, 'rpm-5a9f8e3eb3365', NULL),
(44, '', '', '', '', '', '', '', 133, 'rpm-5a9f919153561', NULL),
(45, '', '', '', '', '', '', '', 134, 'rpm-5a9f92502e933', NULL),
(46, '', '', '', '', '', '', '', 135, 'rpm-5a9f9f5edce93', NULL),
(47, '', '', '', '', '', '', '', 136, 'rpm-5a9f9fc2d138e', NULL),
(48, '', '', '', '', '', '', '', 141, 'rpm-5a9fcbf945bb1', NULL),
(49, 'Y', '', '', '', '', '', '', 142, 'rpm-5aa7dc15eb8da', NULL),
(50, 'Y', '', '', '', '', '', '', 143, 'rpm-5aa7ed0915955', NULL),
(51, '', '', '', '', '', '', '', 146, 'rpm-5aa8e096ad9e1', NULL),
(52, 'N', '', '', '', '', '', '', 149, 'rpm-5aa8e81d885c5', NULL),
(53, '', '', '', '', '', '', '', 150, 'rpm-5aa8e884b37d4', NULL),
(54, '', '', '', '', '', '', '', 152, 'rpm-5aa8e9121c37f', NULL),
(55, '', '', '', '', '', '', '', 154, 'rpm-5aa8e9a921731', NULL),
(56, '', '', '', '', '', '', '', 157, 'rpm-5aa973bc995e8', NULL),
(57, '', '', '', '', '', '', '', 158, 'rpm-5aa973d8cc971', NULL),
(58, '', '', '', '', '', '', '', 159, 'rpm-5aa9744d2fee2', NULL),
(59, '', '', '', '', '', '', '', 160, 'rpm-5aaa67ae818e7', NULL),
(60, '', '', '', '', '', '', '', 160, 'rpm-5aaa67ae818e7', NULL),
(61, '', '', '', '', '', '', '', 163, 'rpm-5aabdf093f77d', NULL),
(62, '', '', '', '', '', '', '', 171, 'rpm-5aba5092ab70a', NULL),
(63, '', '', '', '', '', '', '', 172, 'rpm-5abb2a1ae1ab0', NULL),
(64, '', '', '', '', '', '', '', 180, 'rpm-5abb4595a6392', NULL),
(65, '', '', '', '', '', '', '', 182, 'rpm-5abb7ede0c28f', NULL),
(66, '', '', '', '', '', '', '', 183, 'rpm-5abb7f9d7977f', NULL),
(67, '', '', '', '', '', '', '', 184, 'rpm-5abb9fff7e393', NULL),
(68, '', '', '', '', '', '', '', 186, 'rpm-5abbaa738e960', NULL),
(69, '', '', '', '', '', '', '', 187, 'rpm-5abc9e3e49f99', NULL),
(70, '', '', '', '', '', '', '', 188, 'rpm-5abc9f591db80', NULL),
(71, '', '', '', '', '', '', '', 189, 'rpm-5abca6a89c334', NULL),
(72, '', '', '', '', '', '', '', 190, 'rpm-5abca885a92f3', NULL),
(73, '', '', '', '', '', '', '', 191, 'rpm-5abca97279890', NULL),
(74, '', '', '', '', '', '', '', 192, 'rpm-5abca9efa2fa1', NULL),
(75, '', '', '', '', '', '', '', 193, 'rpm-5abcab0155015', NULL),
(76, '', '', '', '', '', '', '', 194, 'rpm-5abcb518b159c', NULL),
(77, '', '', '', '', '', '', '', 195, 'rpm-5abcc2b2b35fe', NULL),
(78, '', '', '', '', '', '', '', 196, 'rpm-5abce9d1052e4', NULL),
(79, '', '', '', '', '', '', '', 197, 'rpm-5abceb849f27d', NULL),
(80, '', '', '', '', '', '', '', 198, 'rpm-5abd026d0f1ef', NULL),
(81, '', '', '', '', '', '', '', 199, 'rpm-5abd036fbd9e2', NULL),
(82, '', '', '', '', '', '', '', 200, 'rpm-5abd03cf15849', NULL),
(83, '', '', '', '', '', '', '', 202, 'rpm-5abd04f59a92f', NULL),
(84, '', '', '', '', '', '', '', 203, 'rpm-5abdbcfe09010', NULL),
(85, '', '', '', '', '', '', '', 204, 'rpm-5abe1aa63278e', NULL),
(86, '', '', '', '', '', '', '', 205, 'rpm-5abe284a34b00', NULL),
(87, '', '', '', '', '', '', '', 207, 'rpm-5abe34078f0e2', NULL),
(88, '', '', '', '', '', '', '', 209, 'rpm-5abe34409a056', NULL),
(89, '', '', '', '', '', '', '', 211, 'rpm-5abf138ac4801', NULL),
(90, '', '', '', '', '', '', '', 216, 'rpm-5abf23bfd2b0f', NULL),
(91, '', '', '', '', '', '', '', 218, 'rpm-5ac078b2d29fb', NULL),
(92, '', '', '', '', '', '', '', 223, 'rpm-5ac07fd56f0c5', NULL),
(93, '', '', '', '', '', '', '', 224, 'rpm-5ac080a4437c4', NULL),
(94, 'Y', '', '', '', '', '', '', 225, 'rpm-5ac081a891f3f', NULL),
(95, '', '', '', '', '', '', '', 229, 'rpm-5ac0945ed84b5', NULL),
(96, '', '', '', '', '', '', '', 230, 'rpm-5ac0970249363', NULL),
(97, '', '', '', '', '', '', '', 251, 'REG_180403071515415_6', NULL),
(98, '', '', '', '', '', '', '', 252, 'REG_18040307240747_2', NULL),
(99, '', '', '', '', '', '', '', 253, 'REG_180403072526426_4', 22),
(100, '', '', '', '', '', '', '', 254, 'REG_180403072748448_6', 23),
(101, '', '', '', '', '', '', '', 256, 'REG_180403083056456_5', 24),
(102, '', '', '', '', '', '', '', 257, 'REG_18040308470141_3', 25),
(103, '', '', '', '', '', '', '', 258, 'REG_180403084955455_0', 26),
(104, '', '', '', '', '', '', '', 259, 'REG_180403090744444_3', 27),
(105, 'Y', 'Y', 'Y', '', '', '', '', 240, 'jhsjhgj', NULL),
(106, 'Y', 'Y', 'Y', 'Y', '', 'Y', '', 240, 'jhsjhgj', NULL),
(107, '', '', '', '', '', '', '', 240, 'jhsjhgj', NULL),
(108, 'Y', '', '', '', '', '', '', 240, 'jhsjhgj', NULL),
(109, '', '', '', '', '', '', '', 240, 'jhsjhgj', NULL),
(110, '', '', '', '', '', '', '', 240, 'jhsjhgj', NULL),
(111, '', '', '', '', '', '', '', 295, 'REG_18040408240343_6', NULL),
(112, '', '', '', '', '', '', '', 296, 'REG_18040408350747_4', NULL),
(113, '', '', '', '', '', '', '', 297, 'REG_180404083819419_2', NULL),
(114, '', '', '', '', '', '', '', 298, 'REG_180404084223423_2', NULL),
(115, '', 'Y', 'Y', 'Y', '', 'Y', '', 300, 'REG_18040410010141_4', NULL),
(116, '', '', '', '', '', '', '', 301, 'REG_180404101619419_5', NULL),
(117, 'Y', 'Y', 'Y', 'Y', '', '', '', 305, 'REG_180404105919419_3', NULL),
(118, '', '', '', '', '', '', '', 306, 'REG_180404110731431_6', NULL),
(119, '', '', '', '', '', '', '', 311, 'REG_180405120122422_1', NULL),
(120, '', '', '', '', '', '', '', 312, 'REG_180405121626426_1', NULL),
(121, '', '', '', '', '', '', '', 315, 'REG_180405123046446_0', NULL),
(122, 'Y', '', '', '', '', '', '', 319, 'REG_18040507460343_5', 71),
(123, '', '', '', '', '', '', '', 320, 'REG_180405075715415_4', 72),
(124, '', '', '', '', '', '', '', 321, 'REG_180405075821421_0', 73),
(125, 'Y', 'Y', 'Y', 'Y', '', '', 'sgddh xhd', 322, 'REG_18040508000747_0', 74),
(126, '', 'Y', '', '', '', '', '', 323, 'REG_18040508130646_3', 75),
(127, '', '', '', '', '', '', '', 324, 'REG_180405083026426_6', 77),
(128, '', '', '', '', '', '', '', 325, 'REG_180405083337437_6', 78),
(129, '', '', '', '', '', '', '', 327, 'REG_18040508550949_6', 79),
(130, 'Y', 'Y', '', '', '', '', '', 332, 'rpm-5ac5de6a43538', 80),
(131, 'Y', 'Y', '', 'Y', '', '', '', 333, 'rpm-5ac5fda1e9073', 81),
(132, '', '', '', '', '', '', '', 335, 'rpm-5ac64330e84cf', 83),
(133, 'Y', '', '', '', '', '', '', 336, 'rpm-5ac643f0270f0', 84),
(134, 'Y', 'Y', 'Y', 'Y', 'Y', 'Y', 'zbbz', 337, 'rpm-5ac646f94a9a5', 85),
(135, '', '', '', '', '', '', '', 339, 'rpm-5ac70580709e0', 87),
(136, 'Y', 'Y', 'Y', 'Y', 'Y', 'Y', 'nznz xbnxn', 341, 'rpm-5ac70884a8f87', 89),
(137, 'Y', '', '', '', '', '', '', 342, 'rpm-5ac709985e040', 90),
(138, 'Y', 'Y', 'Y', 'Y', 'Y', 'Y', 'hd dh xbxb', 347, 'rpm-5ac79b55a8b71', 95),
(139, '', '', '', '', '', '', '', 348, 'rpm-5ac7a55066117', 96),
(140, '', '', '', '', '', '', '', 350, 'rpm-5ac853d15abb2', 97),
(141, 'Y', 'Y', 'Y', 'Y', 'Y', 'Y', 'sxfhghh', 352, 'rpm-5ac877c6c37ab', 99),
(142, 'Y', 'Y', 'Y', 'Y', 'Y', 'Y', 'asdd gghjjk', 354, 'rpm-5ac87f0a837b3', 101),
(143, 'Y', 'Y', 'Y', 'Y', 'Y', 'Y', 'asdd ghhjkk', 357, 'rpm-5ac88b018d1c1', 103),
(144, '', '', '', '', '', '', '', 358, 'rpm-5ac891a50874f', 104),
(145, '', '', '', '', '', '', '', 358, 'rpm-5ac891a50874f', 104),
(146, '', '', '', '', '', '', '', 359, 'rpm-5ac8925c6beea', 105),
(147, '', '', '', '', '', '', '', 360, 'rpm-5ac8ba8eaf9bd', 106),
(148, '', '', '', '', '', '', '', 361, 'rpm-5ac9be5949805', 107);

-- --------------------------------------------------------

--
-- Table structure for table `visit_master`
--

CREATE TABLE IF NOT EXISTS `visit_master` (
  `id` int(11) NOT NULL AUTO_INCREMENT,
  `patient_master_id` int(11) NOT NULL,
  `created_at` timestamp NOT NULL DEFAULT CURRENT_TIMESTAMP,
  `user_id` int(11) DEFAULT NULL,
  PRIMARY KEY (`id`)
) ENGINE=InnoDB  DEFAULT CHARSET=latin1 AUTO_INCREMENT=109 ;

--
-- Dumping data for table `visit_master`
--

INSERT INTO `visit_master` (`id`, `patient_master_id`, `created_at`, `user_id`) VALUES
(1, 240, '2018-04-02 18:34:20', NULL),
(2, 240, '2018-04-02 18:34:54', NULL),
(3, 240, '2018-04-02 18:34:56', NULL),
(4, 240, '2018-04-02 18:34:58', NULL),
(5, 240, '2018-04-02 18:43:13', NULL),
(6, 240, '2018-04-03 09:30:37', NULL),
(7, 240, '2018-04-03 09:32:22', NULL),
(8, 240, '2018-04-03 09:33:10', NULL),
(9, 240, '2018-04-03 10:05:21', NULL),
(10, 240, '2018-04-03 10:13:06', NULL),
(11, 240, '2018-04-03 10:32:38', NULL),
(12, 240, '2018-04-03 10:37:02', NULL),
(13, 240, '2018-04-03 10:51:29', NULL),
(14, 240, '2018-04-03 11:07:32', NULL),
(15, 240, '2018-04-03 12:40:29', NULL),
(16, 247, '2018-04-03 13:32:05', NULL),
(17, 248, '2018-04-03 13:37:50', NULL),
(18, 249, '2018-04-03 13:40:50', NULL),
(19, 250, '2018-04-03 13:44:34', NULL),
(20, 251, '2018-04-03 13:46:09', NULL),
(21, 252, '2018-04-03 13:54:12', NULL),
(22, 253, '2018-04-03 13:55:30', NULL),
(23, 254, '2018-04-03 13:57:50', NULL),
(24, 255, '2018-04-03 15:03:04', NULL),
(25, 257, '2018-04-03 15:17:04', NULL),
(26, 258, '2018-04-03 15:19:58', NULL),
(27, 259, '2018-04-03 15:37:48', NULL),
(28, 240, '2018-04-04 07:36:38', NULL),
(29, 240, '2018-04-04 08:07:49', NULL),
(30, 240, '2018-04-04 08:26:47', NULL),
(31, 240, '2018-04-04 09:32:19', NULL),
(32, 240, '2018-04-04 09:38:34', NULL),
(33, 240, '2018-04-04 10:12:55', NULL),
(34, 240, '2018-04-04 11:00:22', NULL),
(35, 240, '2018-04-04 11:23:46', NULL),
(36, 240, '2018-04-04 11:26:25', NULL),
(37, 240, '2018-04-04 11:34:21', NULL),
(38, 240, '2018-04-04 11:35:46', NULL),
(39, 240, '2018-04-04 13:55:51', NULL),
(40, 289, '2018-04-04 14:40:24', NULL),
(41, 290, '2018-04-04 14:43:50', NULL),
(42, 292, '2018-04-04 14:45:21', NULL),
(43, 293, '2018-04-04 14:48:00', NULL),
(44, 294, '2018-04-04 14:52:30', NULL),
(45, 295, '2018-04-04 14:54:16', NULL),
(46, 296, '2018-04-04 15:05:11', NULL),
(47, 297, '2018-04-04 15:08:28', NULL),
(48, 298, '2018-04-04 15:12:28', NULL),
(49, 299, '2018-04-04 15:21:33', NULL),
(50, 300, '2018-04-04 16:31:40', NULL),
(51, 301, '2018-04-04 16:51:31', NULL),
(52, 302, '2018-04-04 16:56:50', NULL),
(53, 303, '2018-04-04 16:58:08', NULL),
(54, 304, '2018-04-04 17:11:12', NULL),
(55, 305, '2018-04-04 17:30:07', NULL),
(56, 306, '2018-04-04 17:43:34', NULL),
(57, 309, '2018-04-04 18:15:51', NULL),
(58, 309, '2018-04-04 18:17:29', NULL),
(59, 240, '2018-04-04 18:18:15', NULL),
(60, 309, '2018-04-04 18:19:01', NULL),
(61, 311, '2018-04-04 18:31:54', NULL),
(62, 312, '2018-04-04 18:46:54', NULL),
(63, 313, '2018-04-04 18:52:50', NULL),
(64, 314, '2018-04-04 18:58:23', NULL),
(65, 315, '2018-04-04 19:01:08', NULL),
(66, 316, '2018-04-04 19:08:15', NULL),
(67, 316, '2018-04-04 19:09:29', NULL),
(68, 316, '2018-04-04 19:11:59', NULL),
(69, 316, '2018-04-04 19:16:58', NULL),
(70, 317, '2018-04-04 19:21:50', NULL),
(71, 319, '2018-04-05 02:17:43', NULL),
(72, 320, '2018-04-05 02:28:01', NULL),
(73, 321, '2018-04-05 02:29:47', NULL),
(74, 322, '2018-04-05 02:31:58', NULL),
(75, 323, '2018-04-05 02:44:04', NULL),
(76, 26, '2018-04-05 02:44:05', NULL),
(77, 324, '2018-04-05 03:01:22', NULL),
(78, 325, '2018-04-05 03:04:33', NULL),
(79, 327, '2018-04-05 03:25:58', NULL),
(80, 332, '2018-04-05 08:29:30', NULL),
(81, 333, '2018-04-05 10:42:42', NULL),
(82, 334, '2018-04-05 15:37:46', NULL),
(83, 335, '2018-04-05 15:39:29', NULL),
(84, 336, '2018-04-05 15:42:40', NULL),
(85, 337, '2018-04-05 15:55:37', NULL),
(86, 338, '2018-04-06 05:28:39', NULL),
(87, 338, '2018-04-06 05:28:44', NULL),
(88, 340, '2018-04-06 05:38:56', NULL),
(89, 341, '2018-04-06 05:41:24', NULL),
(90, 342, '2018-04-06 05:46:00', NULL),
(91, 343, '2018-04-06 15:05:15', NULL),
(92, 344, '2018-04-06 15:21:56', NULL),
(93, 345, '2018-04-06 15:30:27', NULL),
(94, 346, '2018-04-06 15:35:01', NULL),
(95, 347, '2018-04-06 16:08:55', NULL),
(96, 348, '2018-04-06 16:50:24', NULL),
(97, 350, '2018-04-07 05:14:57', NULL),
(98, 351, '2018-04-07 05:31:56', NULL),
(99, 352, '2018-04-07 07:49:47', NULL),
(100, 353, '2018-04-07 08:13:14', NULL),
(101, 354, '2018-04-07 08:24:12', NULL),
(102, 355, '2018-04-07 09:04:44', NULL),
(103, 357, '2018-04-07 09:12:35', NULL),
(104, 358, '2018-04-07 09:38:56', NULL),
(105, 359, '2018-04-07 09:41:48', NULL),
(106, 360, '2018-04-07 12:33:19', NULL),
(107, 361, '2018-04-08 07:02:59', NULL),
(108, 362, '2018-04-08 08:45:12', NULL);

-- --------------------------------------------------------

--
-- Table structure for table `vital_master`
--

CREATE TABLE IF NOT EXISTS `vital_master` (
  `id` bigint(20) NOT NULL AUTO_INCREMENT,
  `pid` bigint(20) NOT NULL,
  `registrationno` text NOT NULL,
  `height` float NOT NULL,
  `weight` float NOT NULL,
  `bloodpresure` int(11) NOT NULL,
  `tempreture` int(11) NOT NULL,
  `respiration` int(11) NOT NULL,
  `updatedate` datetime NOT NULL DEFAULT CURRENT_TIMESTAMP,
  `bpto` int(11) NOT NULL,
  `visit_master_id` int(11) DEFAULT NULL,
  PRIMARY KEY (`id`)
) ENGINE=InnoDB  DEFAULT CHARSET=latin1 AUTO_INCREMENT=289 ;

--
-- Dumping data for table `vital_master`
--

INSERT INTO `vital_master` (`id`, `pid`, `registrationno`, `height`, `weight`, `bloodpresure`, `tempreture`, `respiration`, `updatedate`, `bpto`, `visit_master_id`) VALUES
(20, 26, 'rpm-5a75b4e11a8b8', 8787, 4845, 548, 87878, 8484, '2018-02-03 06:11:06', 878, NULL),
(21, 27, 'rpm-5a75b59cb30fb', 7775, 444, 444, 98, 120, '2018-02-03 06:14:26', 445, NULL),
(22, 28, 'rpm-5a75bb0e56a01', 1000, 65, 80, 65, 8484, '2018-02-03 06:37:54', 120, NULL),
(23, 29, 'rpm-5a784d7fd35cb', 0, 0, 0, 0, 0, '2018-02-05 05:26:47', 0, NULL),
(24, 30, 'rpm-5a784f4a796fc', 0, 0, 0, 0, 0, '2018-02-05 05:34:21', 0, NULL),
(25, 31, 'rpm-5a784f796faa1', 0, 0, 0, 0, 0, '2018-02-05 05:35:11', 0, NULL),
(26, 32, 'rpm-5a784f9e65eda', 0, 0, 0, 0, 0, '2018-02-05 05:35:45', 0, NULL),
(27, 34, 'rpm-5a827f24a4a2c', 165, 0, 0, 0, 0, '2018-02-12 23:01:47', 0, NULL),
(28, 35, 'rpm-5a82802c7b5fd', 0, 0, 0, 0, 0, '2018-02-12 23:05:36', 0, NULL),
(29, 36, 'rpm-5a82812d74214', 0, 0, 0, 0, 0, '2018-02-12 23:09:54', 0, NULL),
(30, 38, 'rpm-5a828678a640c', 0, 0, 0, 0, 0, '2018-02-12 23:32:31', 0, NULL),
(31, 39, 'rpm-5a82867bd18df', 0, 0, 0, 0, 0, '2018-02-12 23:33:23', 0, NULL),
(32, 40, 'rpm-5a8287679a050', 0, 0, 0, 0, 0, '2018-02-12 23:36:26', 0, NULL),
(33, 41, 'rpm-5a8289ce8bdad', 0, 0, 0, 0, 0, '2018-02-12 23:46:41', 0, NULL),
(34, 42, 'rpm-5a8289f8e0ea7', 0, 0, 0, 0, 0, '2018-02-12 23:49:12', 0, NULL),
(35, 44, 'rpm-5a82d58e01d27', 0, 0, 0, 0, 0, '2018-02-13 05:09:55', 0, NULL),
(36, 45, 'rpm-5a83cf692b651', 0, 0, 0, 0, 0, '2018-02-13 22:56:04', 0, NULL),
(37, 46, 'rpm-5a84952304183', 0, 0, 0, 0, 0, '2018-02-14 13:00:05', 0, NULL),
(38, 49, 'rpm-5a8d37cbb7454', 0, 0, 0, 0, 0, '2018-02-21 02:11:42', 0, NULL),
(39, 50, 'rpm-5a8d37e448119', 0, 0, 0, 0, 0, '2018-02-21 02:12:06', 0, NULL),
(40, 52, 'rpm-5a90215e885c8', 55, 55, 55, 55, 55, '2018-02-23 07:13:02', 55, NULL),
(41, 53, 'rpm-5a9022f63c676', 0, 0, 0, 0, 0, '2018-02-23 07:19:37', 0, NULL),
(42, 54, 'rpm-5a90236fe62e5', 0, 0, 0, 0, 0, '2018-02-23 07:21:43', 0, NULL),
(43, 55, 'rpm-5a90323174dd8', 6, 60, 4, 101, 101, '2018-02-23 08:25:00', 150, NULL),
(44, 57, 'rpm-5a982dae874f3', 878, 65, 85, 55, 88, '2018-03-01 09:43:47', 55, NULL),
(45, 58, 'rpm-5a982ee2f26fc', 0, 0, 0, 0, 0, '2018-03-01 09:48:38', 0, NULL),
(46, 61, 'rpm-5a9bab677f9ca', 0, 0, 0, 0, 0, '2018-03-04 01:16:47', 0, NULL),
(47, 62, 'rpm-5a9be02bcc0c9', 158, 60, 15, 30, 5555, '2018-03-04 05:02:29', 55, NULL),
(48, 63, 'rpm-5a9d01b065c45', 22, 154, 848, 54978, 5778, '2018-03-05 01:37:17', 984, NULL),
(49, 64, 'rpm-5a9d056f9e23e', 589, 48, 797, 8878, 7789, '2018-03-05 01:53:14', 979, NULL),
(50, 65, 'rpm-5a9d06ff36074', 0, 0, 0, 0, 0, '2018-03-05 01:59:44', 0, NULL),
(51, 66, 'rpm-5a9d072ad8b61', 0, 0, 0, 0, 0, '2018-03-05 02:00:28', 0, NULL),
(52, 67, 'rpm-5a9d07e6394ff', 0, 0, 0, 0, 0, '2018-03-05 02:03:35', 0, NULL),
(53, 68, 'rpm-5a9d08d0e322b', 0, 0, 0, 0, 0, '2018-03-05 02:07:30', 0, NULL),
(54, 69, 'rpm-5a9d16bc09ee4', 0, 0, 0, 0, 0, '2018-03-05 03:06:54', 0, NULL),
(55, 70, 'rpm-5a9d172402797', 0, 0, 0, 0, 0, '2018-03-05 03:08:37', 0, NULL),
(56, 71, 'rpm-5a9d1807a12ec', 0, 0, 0, 0, 0, '2018-03-05 03:12:25', 0, NULL),
(57, 72, 'rpm-5a9d19f45e6b1', 0, 0, 0, 0, 0, '2018-03-05 03:20:38', 0, NULL),
(58, 73, 'rpm-5a9d1e0b72fa4', 0, 0, 0, 0, 0, '2018-03-05 03:38:05', 0, NULL),
(59, 76, 'rpm-5a9d1ef480343', 0, 0, 0, 0, 0, '2018-03-05 03:41:58', 0, NULL),
(60, 77, 'rpm-5a9d203d87b5c', 0, 0, 0, 0, 0, '2018-03-05 03:47:27', 0, NULL),
(61, 78, 'rpm-5a9d21fb8014b', 0, 0, 0, 0, 0, '2018-03-05 03:54:54', 0, NULL),
(62, 79, 'rpm-5a9d26427360a', 0, 0, 0, 0, 0, '2018-03-05 04:13:08', 0, NULL),
(63, 80, 'rpm-5a9d28593c45d', 0, 0, 0, 0, 0, '2018-03-05 04:22:06', 0, NULL),
(64, 81, 'rpm-5a9d28caa8049', 0, 0, 0, 0, 0, '2018-03-05 04:23:56', 0, NULL),
(65, 82, 'rpm-5a9d2a07614b6', 0, 0, 0, 0, 0, '2018-03-05 04:29:13', 0, NULL),
(66, 83, 'rpm-5a9d2c8c1072a', 0, 0, 0, 0, 0, '2018-03-05 04:39:58', 0, NULL),
(67, 84, 'rpm-5a9d31b07bac0', 0, 0, 0, 0, 0, '2018-03-05 05:01:54', 0, NULL),
(68, 85, 'rpm-5a9d31c143855', 0, 0, 0, 0, 0, '2018-03-05 05:02:12', 0, NULL),
(69, 86, 'rpm-5a9d339589ac7', 0, 0, 0, 0, 0, '2018-03-05 05:09:59', 0, NULL),
(70, 87, 'rpm-5a9d33eb0bbb0', 0, 0, 0, 0, 0, '2018-03-05 05:11:25', 0, NULL),
(71, 88, 'rpm-5a9d344e4e879', 0, 0, 0, 0, 0, '2018-03-05 05:13:04', 0, NULL),
(72, 89, 'rpm-5a9d34fdab333', 0, 0, 0, 0, 0, '2018-03-05 05:15:59', 0, NULL),
(73, 92, 'rpm-5a9d354f70d3b', 0, 0, 0, 0, 0, '2018-03-05 05:17:21', 0, NULL),
(74, 93, 'rpm-5a9d359a1755a', 0, 0, 0, 0, 0, '2018-03-05 05:18:35', 0, NULL),
(75, 94, 'rpm-5a9d35f984eef', 0, 0, 0, 0, 0, '2018-03-05 05:20:11', 0, NULL),
(76, 95, 'rpm-5a9d364221baa', 0, 0, 0, 0, 0, '2018-03-05 05:21:24', 0, NULL),
(77, 96, 'rpm-5a9d3697dd5a2', 0, 0, 0, 0, 0, '2018-03-05 05:22:49', 0, NULL),
(78, 97, 'rpm-5a9d3b274f175', 0, 0, 0, 0, 0, '2018-03-05 05:42:17', 0, NULL),
(79, 98, 'rpm-5a9d432a71d10', 0, 0, 0, 0, 0, '2018-03-05 06:16:28', 0, NULL),
(80, 99, 'rpm-5a9d48c21668f', 0, 0, 0, 0, 0, '2018-03-05 06:40:19', 0, NULL),
(81, 100, 'rpm-5a9d4943e677a', 0, 0, 0, 0, 0, '2018-03-05 06:42:29', 0, NULL),
(82, 101, 'rpm-5a9d4a1520773', 0, 0, 0, 0, 0, '2018-03-05 06:45:58', 0, NULL),
(83, 102, 'rpm-5a9d51ea17658', 0, 0, 0, 0, 0, '2018-03-05 07:19:25', 0, NULL),
(84, 103, 'rpm-5a9d531cf1c82', 0, 0, 0, 0, 0, '2018-03-05 07:24:32', 0, NULL),
(85, 104, 'rpm-5a9d544f19994', 0, 0, 0, 0, 0, '2018-03-05 07:29:37', 0, NULL),
(86, 105, 'rpm-5a9d5625d1680', 0, 0, 0, 0, 0, '2018-03-05 07:37:27', 0, NULL),
(87, 106, 'rpm-5a9d565808351', 0, 0, 0, 0, 0, '2018-03-05 07:38:17', 0, NULL),
(88, 107, 'rpm-5a9e14bb37131', 0, 0, 0, 0, 0, '2018-03-05 21:10:39', 0, NULL),
(89, 108, 'rpm-5a9e4a02a30e4', 0, 0, 0, 0, 0, '2018-03-06 00:57:57', 0, NULL),
(90, 109, 'rpm-5a9e509d0290f', 0, 0, 0, 0, 0, '2018-03-06 01:26:06', 0, NULL),
(91, 110, 'rpm-5a9e535d732aa', 0, 0, 0, 0, 0, '2018-03-06 01:37:52', 0, NULL),
(92, 111, 'rpm-5a9e5459db340', 0, 0, 0, 0, 0, '2018-03-06 01:42:03', 0, NULL),
(93, 112, 'rpm-5a9e5515d5c0d', 0, 0, 0, 0, 0, '2018-03-06 01:45:11', 0, NULL),
(94, 113, 'rpm-5a9e55445c023', 0, 0, 0, 0, 0, '2018-03-06 01:45:58', 0, NULL),
(95, 114, 'rpm-5a9e5583c7bf1', 0, 0, 0, 0, 0, '2018-03-06 01:47:01', 0, NULL),
(96, 115, 'rpm-5a9e5a333fa03', 0, 0, 0, 0, 0, '2018-03-06 02:07:01', 0, NULL),
(97, 116, 'rpm-5a9e5acea39e3', 0, 0, 0, 0, 0, '2018-03-06 02:09:36', 0, NULL),
(98, 117, 'rpm-5a9e5b91d5b15', 0, 0, 0, 0, 0, '2018-03-06 02:12:52', 0, NULL),
(99, 118, 'rpm-5a9e61e8b4315', 0, 0, 0, 0, 0, '2018-03-06 02:39:56', 0, NULL),
(100, 119, 'rpm-5a9e62b66bc0d', 0, 0, 0, 0, 0, '2018-03-06 02:43:20', 0, NULL),
(101, 120, 'rpm-5a9e63493d9d7', 0, 0, 0, 0, 0, '2018-03-06 02:45:47', 0, NULL),
(102, 121, 'rpm-5a9e6475e9691', 0, 0, 0, 0, 0, '2018-03-06 02:50:47', 0, NULL),
(103, 122, 'rpm-5a9e648f436d1', 0, 0, 0, 0, 0, '2018-03-06 02:51:16', 0, NULL),
(104, 123, 'rpm-5a9e677a7827e', 0, 0, 0, 0, 0, '2018-03-06 03:03:39', 0, NULL),
(105, 124, 'rpm-5a9e6791ecbd4', 0, 0, 0, 0, 0, '2018-03-06 03:04:03', 0, NULL),
(106, 125, 'rpm-5a9e67a7ca726', 0, 0, 0, 0, 0, '2018-03-06 03:04:25', 0, NULL),
(107, 126, 'rpm-5a9f88198352a', 0, 0, 0, 0, 0, '2018-03-06 23:35:07', 0, NULL),
(108, 127, 'rpm-5a9f8993e0884', 0, 0, 0, 0, 0, '2018-03-06 23:41:25', 0, NULL),
(109, 128, 'rpm-5a9f89a058e9b', 0, 0, 0, 0, 0, '2018-03-06 23:41:37', 0, NULL),
(110, 129, 'rpm-5a9f8a5a8688f', 0, 0, 0, 0, 0, '2018-03-06 23:44:43', 0, NULL),
(111, 130, 'rpm-5a9f8be20d309', 0, 0, 0, 0, 0, '2018-03-06 23:51:16', 0, NULL),
(112, 131, 'rpm-5a9f8c3520e7a', 0, 0, 0, 0, 0, '2018-03-06 23:52:38', 0, NULL),
(113, 132, 'rpm-5a9f8e3eb3365', 0, 0, 0, 0, 0, '2018-03-07 00:01:20', 0, NULL),
(114, 133, 'rpm-5a9f919153561', 0, 0, 0, 0, 0, '2018-03-07 00:15:31', 0, NULL),
(115, 134, 'rpm-5a9f92502e933', 0, 0, 0, 0, 0, '2018-03-07 00:18:41', 0, NULL),
(116, 135, 'rpm-5a9f9f5edce93', 0, 0, 0, 0, 0, '2018-03-07 01:14:24', 0, NULL),
(117, 136, 'rpm-5a9f9fc2d138e', 0, 0, 0, 0, 0, '2018-03-07 01:16:04', 0, NULL),
(118, 137, 'rpm-5a9fc50b25fb6', 0, 0, 0, 0, 0, '2018-03-07 03:55:11', 0, NULL),
(119, 138, 'rpm-5a9fc5897dd0a', 0, 0, 0, 0, 0, '2018-03-07 03:57:15', 0, NULL),
(120, 139, 'rpm-5a9fc66540846', 0, 0, 0, 0, 0, '2018-03-07 04:00:54', 0, NULL),
(121, 140, 'rpm-5a9fc997dc884', 0, 0, 0, 0, 0, '2018-03-07 04:15:05', 0, NULL),
(122, 141, 'rpm-5a9fcbf945bb1', 0, 0, 0, 0, 0, '2018-03-07 04:24:43', 0, NULL),
(123, 142, 'rpm-5aa7dc15eb8da', 154, 56, 124, 97, 60, '2018-03-13 07:12:08', 140, NULL),
(124, 143, 'rpm-5aa7ed0915955', 5959, 55, 558, 545, 888, '2018-03-13 08:24:57', 88, NULL),
(125, 146, 'rpm-5aa8e096ad9e1', 0, 0, 0, 0, 0, '2018-03-14 01:43:04', 0, NULL),
(126, 148, 'rpm-5aa8e6ead061f', 0, 0, 0, 0, 0, '2018-03-14 02:10:04', 0, NULL),
(127, 147, 'rpm-5aa8e6d4ec838', 0, 0, 0, 0, 0, '2018-03-14 02:10:09', 0, NULL),
(128, 149, 'rpm-5aa8e81d885c5', 0, 0, 0, 0, 0, '2018-03-14 02:15:13', 0, NULL),
(129, 150, 'rpm-5aa8e884b37d4', 0, 0, 0, 0, 0, '2018-03-14 02:17:01', 0, NULL),
(130, 151, 'rpm-5aa8e8c60252d', 0, 0, 0, 0, 0, '2018-03-14 02:18:00', 0, NULL),
(131, 152, 'rpm-5aa8e9121c37f', 0, 0, 0, 0, 0, '2018-03-14 02:19:16', 0, NULL),
(132, 153, 'rpm-5aa8e997cd9d4', 0, 0, 0, 0, 0, '2018-03-14 02:21:29', 0, NULL),
(133, 154, 'rpm-5aa8e9a921731', 0, 0, 0, 0, 0, '2018-03-14 02:21:47', 0, NULL),
(134, 156, 'rpm-5aa8fb5dcc588', 0, 0, 0, 0, 0, '2018-03-14 03:37:21', 0, NULL),
(135, 157, 'rpm-5aa973bc995e8', 0, 0, 0, 0, 0, '2018-03-14 12:10:57', 0, NULL),
(136, 158, 'rpm-5aa973d8cc971', 0, 0, 0, 0, 0, '2018-03-14 12:11:24', 0, NULL),
(137, 159, 'rpm-5aa9744d2fee2', 0, 0, 0, 0, 0, '2018-03-14 12:13:20', 0, NULL),
(138, 160, 'rpm-5aaa67ae818e7', 0, 0, 0, 0, 0, '2018-03-15 05:36:21', 0, NULL),
(139, 163, 'rpm-5aabdf093f77d', 0, 0, 0, 0, 0, '2018-03-16 08:13:24', 0, NULL),
(140, 165, 'rpm-5aba4ce8b703d', 0, 0, 0, 0, 0, '2018-03-27 06:53:57', 0, NULL),
(141, 166, 'rpm-5aba4d2044f10', 0, 0, 0, 0, 0, '2018-03-27 06:54:42', 0, NULL),
(142, 167, 'rpm-5aba4d35d4b9f', 0, 0, 0, 0, 0, '2018-03-27 06:55:03', 0, NULL),
(143, 168, 'rpm-5aba4d6e41cd7', 0, 0, 0, 0, 0, '2018-03-27 06:56:00', 0, NULL),
(144, 169, 'rpm-5aba4e5b027e8', 0, 0, 0, 0, 0, '2018-03-27 07:00:01', 0, NULL),
(145, 170, 'rpm-5aba4f875677c', 0, 0, 0, 0, 0, '2018-03-27 07:04:57', 0, NULL),
(146, 171, 'rpm-5aba5092ab70a', 0, 0, 0, 0, 0, '2018-03-27 07:09:25', 0, NULL),
(147, 172, 'rpm-5abb2a1ae1ab0', 0, 0, 0, 0, 0, '2018-03-27 22:37:33', 0, NULL),
(148, 173, 'rpm-5abb2b8158d1b', 0, 0, 0, 0, 0, '2018-03-27 22:43:31', 0, NULL),
(149, 174, 'rpm-5abb2e3f55e9b', 0, 0, 0, 0, 0, '2018-03-27 23:09:36', 0, NULL),
(150, 175, 'rpm-5abb3716a8fcb', 0, 0, 0, 0, 0, '2018-03-27 23:32:57', 0, NULL),
(151, 176, 'rpm-5abb397c36412', 0, 0, 0, 0, 0, '2018-03-27 23:43:12', 0, NULL),
(152, 177, 'rpm-5abb3a2c3b692', 0, 0, 0, 0, 0, '2018-03-27 23:46:06', 0, NULL),
(153, 178, 'rpm-5abb3b35d4e16', 0, 0, 0, 0, 0, '2018-03-27 23:50:31', 0, NULL),
(154, 179, 'rpm-5abb3fd728f19', 0, 0, 0, 0, 0, '2018-03-28 00:10:17', 0, NULL),
(155, 180, 'rpm-5abb4595a6392', 0, 0, 0, 0, 0, '2018-03-28 00:34:47', 0, NULL),
(156, 181, 'rpm-5abb466851ba9', 0, 0, 0, 0, 0, '2018-03-28 00:38:18', 0, NULL),
(157, 182, 'rpm-5abb7ede0c28f', 0, 0, 0, 0, 0, '2018-03-28 04:39:15', 0, NULL),
(158, 183, 'rpm-5abb7f9d7977f', 0, 0, 0, 0, 0, '2018-03-28 04:42:23', 0, NULL),
(159, 184, 'rpm-5abb9fff7e393', 0, 0, 0, 0, 0, '2018-03-28 07:00:33', 0, NULL),
(160, 185, 'rpm-5abba6db5b579', 0, 0, 0, 0, 0, '2018-03-28 07:29:50', 0, NULL),
(161, 186, 'rpm-5abbaa738e960', 0, 0, 0, 0, 0, '2018-03-28 07:45:09', 0, NULL),
(162, 187, 'rpm-5abc9e3e49f99', 0, 0, 0, 0, 0, '2018-03-29 01:05:20', 0, NULL),
(163, 188, 'rpm-5abc9f591db80', 0, 0, 0, 0, 0, '2018-03-29 01:10:04', 0, NULL),
(164, 189, 'rpm-5abca6a89c334', 0, 0, 0, 0, 0, '2018-03-29 01:41:14', 0, NULL),
(165, 190, 'rpm-5abca885a92f3', 0, 0, 0, 0, 0, '2018-03-29 01:49:11', 0, NULL),
(166, 191, 'rpm-5abca97279890', 0, 0, 0, 0, 0, '2018-03-29 01:53:07', 0, NULL),
(167, 192, 'rpm-5abca9efa2fa1', 0, 0, 0, 0, 0, '2018-03-29 01:55:13', 0, NULL),
(168, 193, 'rpm-5abcab0155015', 0, 0, 0, 0, 0, '2018-03-29 01:59:46', 0, NULL),
(169, 194, 'rpm-5abcb518b159c', 0, 0, 0, 0, 0, '2018-03-29 02:42:50', 0, NULL),
(170, 195, 'rpm-5abcc2b2b35fe', 0, 0, 0, 0, 0, '2018-03-29 03:40:52', 0, NULL),
(171, 196, 'rpm-5abce9d1052e4', 0, 0, 0, 0, 0, '2018-03-29 06:27:47', 0, NULL),
(172, 197, 'rpm-5abceb849f27d', 0, 0, 0, 0, 0, '2018-03-29 06:35:06', 0, NULL),
(173, 198, 'rpm-5abd026d0f1ef', 0, 0, 0, 0, 0, '2018-03-29 08:12:47', 0, NULL),
(174, 199, 'rpm-5abd036fbd9e2', 0, 0, 0, 0, 0, '2018-03-29 08:17:08', 0, NULL),
(175, 200, 'rpm-5abd03cf15849', 0, 0, 0, 0, 0, '2018-03-29 08:18:41', 0, NULL),
(176, 201, 'rpm-5abd043b2c2ff', 0, 0, 0, 0, 0, '2018-03-29 08:20:29', 0, NULL),
(177, 202, 'rpm-5abd04f59a92f', 0, 0, 0, 0, 0, '2018-03-29 08:23:35', 0, NULL),
(178, 203, 'rpm-5abdbcfe09010', 0, 0, 0, 0, 0, '2018-03-29 21:28:49', 0, NULL),
(179, 204, 'rpm-5abe1aa63278e', 0, 0, 0, 0, 0, '2018-03-30 04:08:24', 0, NULL),
(180, 205, 'rpm-5abe284a34b00', 0, 0, 0, 0, 0, '2018-03-30 05:06:36', 0, NULL),
(181, 206, 'rpm-5abe2b8c6735a', 0, 0, 0, 0, 0, '2018-03-30 05:20:30', 0, NULL),
(182, 207, 'rpm-5abe34078f0e2', 0, 0, 0, 0, 0, '2018-03-30 05:56:42', 0, NULL),
(183, 208, 'rpm-5abe34244e33a', 0, 0, 0, 0, 0, '2018-03-30 05:57:10', 0, NULL),
(184, 209, 'rpm-5abe34409a056', 0, 0, 0, 0, 0, '2018-03-30 05:57:39', 0, NULL),
(185, 210, 'rpm-5abe355400aca', 0, 0, 0, 0, 0, '2018-03-30 06:02:13', 0, NULL),
(186, 211, 'rpm-5abf138ac4801', 0, 0, 0, 0, 0, '2018-03-30 21:50:20', 0, NULL),
(187, 212, 'rpm-5abf215218988', 0, 0, 0, 0, 0, '2018-03-30 22:49:08', 0, NULL),
(188, 213, 'rpm-5abf21e422e0f', 0, 0, 0, 0, 0, '2018-03-30 22:51:33', 0, NULL),
(189, 214, 'rpm-5abf22436248b', 0, 0, 0, 0, 0, '2018-03-30 22:53:12', 0, NULL),
(190, 215, 'rpm-5abf2334411fa', 0, 0, 0, 0, 0, '2018-03-30 22:57:13', 0, NULL),
(191, 216, 'rpm-5abf23bfd2b0f', 0, 0, 0, 0, 0, '2018-03-30 22:59:29', 0, NULL),
(192, 217, 'rpm-5abf2a8fdaff6', 0, 0, 0, 0, 0, '2018-03-30 23:28:34', 0, NULL),
(193, 218, 'rpm-5ac078b2d29fb', 0, 0, 0, 0, 0, '2018-03-31 23:14:13', 0, NULL),
(194, 219, 'rpm-5ac07a16e2d03', 0, 0, 0, 0, 0, '2018-03-31 23:20:09', 0, NULL),
(195, 220, 'rpm-5ac07ce0bc334', 0, 0, 0, 0, 0, '2018-03-31 23:32:02', 0, NULL),
(196, 221, 'rpm-5ac07f269644d', 0, 0, 0, 0, 0, '2018-03-31 23:41:44', 0, NULL),
(197, 222, 'rpm-5ac07fc7a3ae7', 0, 0, 0, 0, 0, '2018-03-31 23:44:37', 0, NULL),
(198, 223, 'rpm-5ac07fd56f0c5', 0, 0, 0, 0, 0, '2018-03-31 23:44:51', 0, NULL),
(199, 224, 'rpm-5ac080a4437c4', 0, 0, 0, 0, 0, '2018-03-31 23:48:07', 0, NULL),
(200, 225, 'rpm-5ac081a891f3f', 0, 0, 0, 0, 0, '2018-03-31 23:52:32', 0, NULL),
(201, 226, 'rpm-5ac0874ae9a9e', 0, 0, 0, 0, 0, '2018-04-01 00:16:28', 0, NULL),
(202, 227, 'rpm-5ac087a3e41dd', 0, 0, 0, 0, 0, '2018-04-01 00:17:57', 0, NULL),
(203, 229, 'rpm-5ac0945ed84b5', 0, 0, 0, 0, 0, '2018-04-01 01:12:17', 0, NULL),
(204, 230, 'rpm-5ac0970249363', 0, 0, 0, 0, 0, '2018-04-01 01:23:49', 0, NULL),
(205, 240, 'jhsjhgj', 0, 0, 0, 0, 0, '2018-04-03 01:03:26', 0, NULL),
(206, 240, 'jhsjhgj', 0, 0, 0, 0, 0, '2018-04-03 02:37:09', 0, NULL),
(207, 1, 'rpm-5a6b03d57b791', 23, 23, 2, 2, 9, '2018-04-03 02:55:50', 3, 0),
(208, 1, 'rpm-5a6b03d57b791', 23, 23, 2, 2, 9, '2018-04-03 03:06:49', 3, 1),
(209, 1, 'rpm-5a6b03d57b791', 23, 23, 2, 2, 9, '2018-04-03 03:19:48', 3, 2),
(210, 240, 'jhsjhgj', 0, 0, 0, 0, 0, '2018-04-03 03:32:40', 0, 0),
(211, 240, 'jhsjhgj', 150, 450, 1, 100, 147, '2018-04-03 03:39:04', 87, 0),
(212, 1, 'rpm-5a6b03d57b791', 23, 23, 2, 2, 9, '2018-04-03 03:41:08', 3, NULL),
(213, 1, 'rpm-5a6b03d57b791', 23, 23, 2, 2, 9, '2018-04-03 03:46:11', 3, 2),
(214, 1, 'rpm-5a6b03d57b791', 23, 23, 2, 2, 9, '2018-04-03 03:47:42', 3, NULL),
(215, 1, 'rpm-5a6b03d57b791', 23, 23, 2, 2, 9, '2018-04-03 04:09:48', 1, 0),
(216, 1, 'rpm-5a6b03d57b791', 23, 23, 2, 2, 9, '2018-04-03 04:13:31', 1, NULL),
(217, 1, 'rpm-5a6b03d57b791', 23, 23, 2, 2, 9, '2018-04-03 04:19:16', 1, 0),
(218, 251, 'REG_180403071515415_6', 450, 588, 78, 559, 5855, '2018-04-03 06:46:57', 588, 20),
(219, 252, 'REG_18040307240747_2', 0, 0, 0, 0, 0, '2018-04-03 06:54:14', 0, 21),
(220, 253, 'REG_180403072526426_4', 0, 0, 0, 0, 0, '2018-04-03 06:55:31', 0, 22),
(221, 254, 'REG_180403072748448_6', 0, 0, 0, 0, 0, '2018-04-03 06:57:52', 0, 23),
(222, 256, 'REG_180403083056456_5', 0, 0, 0, 0, 0, '2018-04-03 08:03:31', 0, 24),
(223, 257, 'REG_18040308470141_3', 0, 0, 0, 0, 0, '2018-04-03 08:17:05', 0, 25),
(224, 258, 'REG_180403084955455_0', 0, 0, 0, 0, 0, '2018-04-03 08:19:59', 0, 26),
(225, 259, 'REG_180403090744444_3', 0, 0, 0, 0, 0, '2018-04-03 08:37:52', 0, 27),
(226, 240, 'jhsjhgj', 450, 888, 14, 888, 888, '2018-04-04 01:08:23', 698, NULL),
(227, 240, 'jhsjhgj', 457, 7587, 757, 4875, 878, '2018-04-04 01:27:25', 787, NULL),
(228, 240, 'jhsjhgj', 545, 345, 454, 465, 4949, '2018-04-04 02:39:02', 454, NULL),
(229, 240, 'jhsjhgj', 0, 0, 0, 0, 0, '2018-04-04 03:13:02', 0, NULL),
(230, 240, 'jhsjhgj', 156, 56, 90, 96, 60, '2018-04-04 04:27:01', 120, NULL),
(231, 240, 'jhsjhgj', 0, 0, 0, 0, 0, '2018-04-04 04:34:23', 0, NULL),
(232, 240, 'jhsjhgj', 0, 0, 0, 0, 0, '2018-04-04 04:35:49', 0, NULL),
(233, 240, 'jhsjhgj', 0, 0, 0, 0, 0, '2018-04-04 06:55:56', 0, NULL),
(234, 289, 'REG_180404080018418_3', 0, 0, 0, 0, 0, '2018-04-04 07:40:43', 0, NULL),
(235, 291, 'REG_180404081334434_0', 0, 0, 0, 0, 0, '2018-04-04 07:44:01', 0, NULL),
(236, 292, 'REG_18040408150040_5', 0, 0, 0, 0, 0, '2018-04-04 07:45:24', 0, NULL),
(237, 293, 'REG_180404081754454_5', 0, 0, 0, 0, 0, '2018-04-04 07:48:02', 0, NULL),
(238, 294, 'REG_180404082159459_4', 0, 0, 0, 0, 0, '2018-04-04 07:52:34', 0, NULL),
(239, 295, 'REG_18040408240343_6', 0, 0, 0, 0, 0, '2018-04-04 07:54:18', 0, NULL),
(240, 296, 'REG_18040408350747_4', 0, 0, 0, 0, 0, '2018-04-04 08:05:12', 0, NULL),
(241, 297, 'REG_180404083819419_2', 0, 0, 0, 0, 0, '2018-04-04 08:08:30', 0, NULL),
(242, 298, 'REG_180404084223423_2', 0, 0, 0, 0, 0, '2018-04-04 08:12:30', 0, NULL),
(243, 299, 'REG_18040408510040_3', 0, 0, 0, 0, 0, '2018-04-04 08:21:36', 0, NULL),
(244, 300, 'REG_18040410010141_4', 9779, 668, 86, 9898, 6868, '2018-04-04 09:31:50', 89, NULL),
(245, 301, 'REG_180404101619419_5', 4545, 45, 4, 78, 89, '2018-04-04 09:51:41', 88, NULL),
(246, 305, 'REG_180404105919419_3', 4664, 4676, 59, 586, 89, '2018-04-04 10:30:18', 98, NULL),
(247, 306, 'REG_180404110731431_6', 0, 0, 0, 0, 0, '2018-04-04 10:45:33', 0, NULL),
(248, 309, 'REG_180404114253453_3', 0, 0, 0, 0, 0, '2018-04-04 11:20:47', 0, NULL),
(249, 311, 'REG_180405120122422_1', 0, 0, 0, 0, 0, '2018-04-04 11:32:01', 0, NULL),
(250, 312, 'REG_180405121626426_1', 0, 0, 0, 0, 0, '2018-04-04 11:46:55', 0, NULL),
(251, 313, 'REG_180405122222422_4', 0, 0, 0, 0, 0, '2018-04-04 11:52:52', 0, NULL),
(252, 314, 'REG_18040512280141_3', 0, 0, 0, 0, 0, '2018-04-04 11:58:25', 0, NULL),
(253, 315, 'REG_180405123046446_0', 0, 0, 0, 0, 0, '2018-04-04 12:01:09', 0, NULL),
(254, 316, 'REG_180405123626426_0', 0, 0, 0, 0, 0, '2018-04-04 12:12:01', 0, NULL),
(255, 316, 'REG_180405123626426_0', 0, 0, 0, 0, 0, '2018-04-04 12:17:00', 0, NULL),
(256, 317, 'REG_180405125124424_3', 0, 0, 0, 0, 0, '2018-04-04 12:21:52', 0, NULL),
(257, 319, 'REG_18040507460343_5', 153, 56, 90, 98, 120, '2018-04-04 19:18:06', 120, 71),
(258, 320, 'REG_180405075715415_4', 0, 0, 0, 0, 0, '2018-04-04 19:28:04', 0, 72),
(259, 321, 'REG_180405075821421_0', 0, 0, 0, 0, 0, '2018-04-04 19:29:49', 0, 73),
(260, 322, 'REG_18040508000747_0', 0, 0, 0, 0, 0, '2018-04-04 19:32:16', 0, 74),
(261, 323, 'REG_18040508130646_3', 0, 0, 0, 0, 0, '2018-04-04 19:44:12', 0, 75),
(262, 324, 'REG_180405083026426_6', 0, 0, 0, 0, 0, '2018-04-04 20:01:24', 0, 77),
(263, 325, 'REG_180405083337437_6', 79, 682, 7, 78, 76, '2018-04-04 20:04:42', 67, 78),
(264, 327, 'REG_18040508550949_6', 0, 0, 0, 0, 0, '2018-04-04 20:26:00', 0, 79),
(265, 332, 'rpm-5ac5de6a43538', 1500, 40, 120, 40, 60, '2018-04-05 01:30:06', 150, 80),
(266, 333, 'rpm-5ac5fda1e9073', 165, 65, 120, 984, 25, '2018-04-05 03:43:16', 80, 81),
(267, 335, 'rpm-5ac64330e84cf', 4, 598, 54, 97, 79, '2018-04-05 08:39:36', 49, 83),
(268, 336, 'rpm-5ac643f0270f0', 0, 0, 0, 0, 0, '2018-04-05 08:42:42', 0, 84),
(269, 337, 'rpm-5ac646f94a9a5', 12, 32, 10, 218, 58, '2018-04-05 08:55:55', 35, 85),
(270, 339, 'rpm-5ac70580709e0', 0, 0, 0, 0, 0, '2018-04-05 22:29:04', 0, 87),
(271, 340, 'rpm-5ac707efdb327', 0, 0, 0, 0, 0, '2018-04-05 22:39:33', 0, 88),
(272, 341, 'rpm-5ac70884a8f87', 150, 125, 11, 245, 455, '2018-04-05 22:41:49', 22, 89),
(273, 342, 'rpm-5ac709985e040', 0, 0, 0, 0, 0, '2018-04-05 22:46:06', 0, 90),
(274, 345, 'rpm-5ac7921f98998', 150, 540, 21, 54, 359, '2018-04-06 08:32:35', 32, 93),
(275, 346, 'rpm-5ac7938fdc710', 120, 8989, 25, 21, 1212, '2018-04-06 08:36:12', 8, 94),
(276, 347, 'rpm-5ac79b55a8b71', 55, 11, 11, 50, 698, '2018-04-06 09:10:06', 36, 95),
(277, 348, 'rpm-5ac7a55066117', 0, 0, 0, 0, 0, '2018-04-06 09:50:28', 0, 96),
(278, 350, 'rpm-5ac853d15abb2', 0, 0, 0, 0, 0, '2018-04-06 22:15:06', 0, 97),
(279, 351, 'rpm-5ac857cbdaed2', 5, 58, 15, 99, 0, '2018-04-06 22:32:43', 89, 98),
(280, 352, 'rpm-5ac877c6c37ab', 120, 48, 15, 1514, 4554, '2018-04-07 00:52:10', 59, 99),
(281, 1, 'rpm-5a6b03d57b791', 23, 23, 2, 2, 9, '2018-04-07 01:26:39', 0, 0),
(282, 354, 'rpm-5ac87f0a837b3', 250, 145, 455, 58, 8, '2018-04-07 01:28:05', 55, 101),
(283, 357, 'rpm-5ac88b018d1c1', 452, 120, 22, 280, 256, '2018-04-07 02:15:40', 35, 103),
(284, 358, 'rpm-5ac891a50874f', 0, 0, 0, 0, 0, '2018-04-07 02:39:08', 0, 104),
(285, 359, 'rpm-5ac8925c6beea', 0, 0, 0, 0, 0, '2018-04-07 02:42:00', 0, 105),
(286, 360, 'rpm-5ac8ba8eaf9bd', 157, 60, 120, 99, 22, '2018-04-07 05:34:50', 70, 106),
(287, 361, 'rpm-5ac9be5949805', 499, 49, 48, 8889, 889, '2018-04-08 00:04:12', 97, 107),
(288, 362, 'rpm-5ac9d6988f2ce', 0, 0, 0, 0, 0, '2018-04-08 01:45:23', 0, 108);

/*!40101 SET CHARACTER_SET_CLIENT=@OLD_CHARACTER_SET_CLIENT */;
/*!40101 SET CHARACTER_SET_RESULTS=@OLD_CHARACTER_SET_RESULTS */;
/*!40101 SET COLLATION_CONNECTION=@OLD_COLLATION_CONNECTION */;
